RDM Export File,,,,,,,,,,,,,,,,,,
Project Name: Booboo,,,,,,,,,,,,,,,,,,
Project Location: ,,,,,,,,,,,,,,,,,,
Operator: tyler,,,,,,,,,,,,,,,,,,
Project Comments: ,,,,,,,,,,,,,,,,,,
Y-Coordinate Reference: ,,,,,,,,,,,,,,,,,,
Y-Coordinate Reference Side: Right,,,,,,,,,,,,,,,,,,
Y-Offset from Reference (ft): 0,,,,,,,,,,,,,,,,,,
File Name: Sample1,,,,,,,,,,,,,,,,,,
Creation Date and Time: 2017-05-08.10:06:48,,,,,,,,,,,,,,,,,,
File Comments: sb,,,,,,,,,,,,,,,,,,
Moving Average Window Size (ft): 0.50,,,,,,,,,,,,,,,,,,
Output Interval (ft): 0.50,,,,,,,,,,,,,,,,,,
Scan#, Longitude (°), Latitude (°), Elevation (m),Y-Coord (ft),Dielectric,Signal Quality,Longitude (°), Latitude (°), Elevation (m),Y-Coord (ft),Dielectric,Signal Quality,Longitude (°), Latitude (°), Elevation (m),Y-Coord (ft),Dielectric,Signal Quality
0,-97.45397253,31.64919011,216.9,2.75,5.24,96.22,-97.45397733,31.64918517,216.9,0,5.15,96.59,-97.45398214,31.64918023,216.9,-2.75,5.16,97.78
1,-97.45397253,31.64919011,216.9,2.75,5.24,96.19,-97.45397733,31.64918517,216.9,0,5.23,96.57,-97.45398214,31.64918023,216.9,-2.75,5.26,97.77
2,-97.45397253,31.64919011,216.9,2.75,5.23,96.23,-97.45397733,31.64918517,216.9,0,5.14,96.55,-97.45398214,31.64918023,216.9,-2.75,5.16,97.75
3,-97.45397253,31.64919011,216.9,2.75,5.24,96.21,-97.45397733,31.64918517,216.9,0,5.19,96.53,-97.45398214,31.64918023,216.9,-2.75,5.2,97.74
4,-97.45397253,31.64919011,216.9,2.75,5.22,96.19,-97.45397733,31.64918517,216.9,0,5.2,96.5,-97.45398214,31.64918023,216.9,-2.75,5.25,97.71
5,-97.45397253,31.64919011,216.9,2.75,5.21,96.19,-97.45397733,31.64918517,216.9,0,5.18,96.47,-97.45398214,31.64918023,216.9,-2.75,5.22,97.71
6,-97.45397253,31.64919011,216.9,2.75,5.23,96.16,-97.45397733,31.64918517,216.9,0,5.2,96.45,-97.45398214,31.64918023,216.9,-2.75,5.21,97.67
7,-97.45397253,31.64919011,216.9,2.75,5.23,96.18,-97.45397733,31.64918517,216.9,0,5.23,96.42,-97.45398214,31.64918023,216.9,-2.75,5.22,97.69
8,-97.45397253,31.64919011,216.9,2.75,5.29,96.27,-97.45397733,31.64918517,216.9,0,5.15,96.48,-97.45398214,31.64918023,216.9,-2.75,5.23,97.66
9,-97.45397253,31.64919011,216.9,2.75,5.23,96.24,-97.45397733,31.64918517,216.9,0,5.18,96.46,-97.45398214,31.64918023,216.9,-2.75,5.21,97.65
10,-97.45397253,31.64919011,216.9,2.75,5.29,96.3,-97.45397733,31.64918517,216.9,0,5.09,96.43,-97.45398214,31.64918023,216.9,-2.75,5.23,97.62
11,-97.45397253,31.64919011,216.9,2.75,5.23,96.29,-97.45397733,31.64918517,216.9,0,5.25,96.41,-97.45398214,31.64918023,216.9,-2.75,5.21,97.59
12,-97.45397253,31.64919011,216.9,2.75,5.17,96.27,-97.45397733,31.64918517,216.9,0,5.2,96.4,-97.45398214,31.64918023,216.9,-2.75,5.21,97.57
13,-97.45397253,31.64919011,216.9,2.75,5.23,96.24,-97.45397733,31.64918517,216.9,0,5.16,96.55,-97.45398214,31.64918023,216.9,-2.75,5.19,97.56
14,-97.45397253,31.64919011,216.9,2.75,5.2,96.23,-97.45397733,31.64918517,216.9,0,5.21,96.52,-97.45398214,31.64918023,216.9,-2.75,5.26,97.53
15,-97.45397253,31.64919011,216.9,2.75,5.29,96.23,-97.45397733,31.64918517,216.9,0,5.16,96.5,-97.45398214,31.64918023,216.9,-2.75,5.28,97.52
16,-97.45397253,31.64919011,216.9,2.75,5.22,96.21,-97.45397733,31.64918517,216.9,0,5.22,96.48,-97.45398214,31.64918023,216.9,-2.75,5.28,97.49
17,-97.45397253,31.64919011,216.9,2.75,5.2,96.24,-97.45397733,31.64918517,216.9,0,5.14,96.46,-97.45398214,31.64918023,216.9,-2.75,5.27,97.47
18,-97.45397253,31.64919011,216.9,2.75,5.27,96.22,-97.45397733,31.64918517,216.9,0,5.2,96.51,-97.45398214,31.64918023,216.9,-2.75,5.2,97.44
19,-97.45397253,31.64919011,216.9,2.75,5.25,96.22,-97.45397733,31.64918517,216.9,0,5.18,96.5,-97.45398214,31.64918023,216.9,-2.75,5.24,97.48
20,-97.45397253,31.64919011,216.9,2.75,5.24,96.2,-97.45397733,31.64918517,216.9,0,5.14,96.48,-97.45398214,31.64918023,216.9,-2.75,5.22,97.52
21,-97.45397253,31.64919011,216.9,2.75,5.2,96.23,-97.45397733,31.64918517,216.9,0,5.21,96.51,-97.45398214,31.64918023,216.9,-2.75,5.17,97.54
22,-97.45397253,31.64919011,216.9,2.75,5.21,96.22,-97.45397733,31.64918517,216.9,0,5.2,96.5,-97.45398214,31.64918023,216.9,-2.75,5.25,97.54
23,-97.45397253,31.64919011,216.9,2.75,5.28,96.26,-97.45397733,31.64918517,216.9,0,5.2,96.54,-97.45398214,31.64918023,216.9,-2.75,5.21,97.52
24,-97.45397253,31.64919011,216.9,2.75,5.24,96.24,-97.45397733,31.64918517,216.9,0,5.15,96.56,-97.45398214,31.64918023,216.9,-2.75,5.26,97.49
25,-97.45397253,31.64919011,216.9,2.75,5.2,96.24,-97.45397733,31.64918517,216.9,0,5.19,96.54,-97.45398214,31.64918023,216.9,-2.75,5.26,97.47
26,-97.45397253,31.64919011,216.9,2.75,5.22,96.22,-97.45397733,31.64918517,216.9,0,5.16,96.52,-97.45398214,31.64918023,216.9,-2.75,5.31,97.44
27,-97.45397253,31.64919011,216.9,2.75,5.25,96.21,-97.45397733,31.64918517,216.9,0,5.19,96.53,-97.45398214,31.64918023,216.9,-2.75,5.27,97.42
28,-97.45397253,31.64919011,216.9,2.75,5.24,96.21,-97.45397733,31.64918517,216.9,0,5.26,96.51,-97.45398214,31.64918023,216.9,-2.75,5.27,97.42
29,-97.45397253,31.64919011,216.9,2.75,5.25,96.19,-97.45397733,31.64918517,216.9,0,5.15,96.49,-97.45398214,31.64918023,216.9,-2.75,5.19,97.41
30,-97.45397253,31.64919011,216.9,2.75,5.23,96.17,-97.45397733,31.64918517,216.9,0,5.19,96.47,-97.45398214,31.64918023,216.9,-2.75,5.21,97.39
31,-97.45397253,31.64919011,216.9,2.75,5.22,96.17,-97.45397733,31.64918517,216.9,0,5.13,96.53,-97.45398214,31.64918023,216.9,-2.75,5.19,97.37
32,-97.45397253,31.64919011,216.9,2.75,5.26,96.15,-97.45397733,31.64918517,216.9,0,5.16,96.51,-97.45398214,31.64918023,216.9,-2.75,5.18,97.37
33,-97.45397253,31.64919011,216.9,2.75,5.23,96.13,-97.45397733,31.64918517,216.9,0,5.2,96.53,-97.45398214,31.64918023,216.9,-2.75,5.23,97.34
34,-97.45397253,31.64919011,216.9,2.75,5.3,96.13,-97.45397733,31.64918517,216.9,0,5.17,96.51,-97.45398214,31.64918023,216.9,-2.75,5.13,97.35
35,-97.45397253,31.64919011,216.9,2.75,5.27,96.12,-97.45397733,31.64918517,216.9,0,5.16,96.5,-97.45398214,31.64918023,216.9,-2.75,5.18,97.32
36,-97.45397253,31.64919011,216.9,2.75,5.27,96.12,-97.45397733,31.64918517,216.9,0,5.16,96.48,-97.45398214,31.64918023,216.9,-2.75,5.18,97.36
37,-97.45397253,31.64919011,216.9,2.75,5.25,96.1,-97.45397733,31.64918517,216.9,0,5.21,96.46,-97.45398214,31.64918023,216.9,-2.75,5.26,97.33
38,-97.45397253,31.64919011,216.9,2.75,5.26,96.08,-97.45397733,31.64918517,216.9,0,5.17,96.47,-97.45398214,31.64918023,216.9,-2.75,5.26,97.38
39,-97.45397253,31.64919011,216.9,2.75,5.21,96.06,-97.45397733,31.64918517,216.9,0,5.19,96.46,-97.45398214,31.64918023,216.9,-2.75,5.22,97.36
40,-97.45397253,31.64919011,216.9,2.75,5.2,96.07,-97.45397733,31.64918517,216.9,0,5.17,96.45,-97.45398214,31.64918023,216.9,-2.75,5.21,97.35
41,-97.45397253,31.64919011,216.9,2.75,5.34,96.05,-97.45397733,31.64918517,216.9,0,5.16,96.45,-97.45398214,31.64918023,216.9,-2.75,5.2,97.32
42,-97.45397253,31.64919011,216.9,2.75,5.22,96.05,-97.45397733,31.64918517,216.9,0,5.23,96.43,-97.45398214,31.64918023,216.9,-2.75,5.25,97.32
43,-97.45397253,31.64919011,216.9,2.75,5.27,96.05,-97.45397733,31.64918517,216.9,0,5.15,96.41,-97.45398214,31.64918023,216.9,-2.75,5.19,97.31
44,-97.45397253,31.64919011,216.9,2.75,5.21,96.05,-97.45397733,31.64918517,216.9,0,5.19,96.39,-97.45398214,31.64918023,216.9,-2.75,5.25,97.32
45,-97.45397253,31.64919011,216.9,2.75,5.27,96.07,-97.45397733,31.64918517,216.9,0,5.13,96.39,-97.45398214,31.64918023,216.9,-2.75,5.28,97.3
46,-97.45397253,31.64919011,216.9,2.75,5.27,96.05,-97.45397733,31.64918517,216.9,0,5.18,96.38,-97.45398214,31.64918023,216.9,-2.75,5.29,97.29
47,-97.45397253,31.64919011,216.9,2.75,5.26,96.04,-97.45397733,31.64918517,216.9,0,5.17,96.36,-97.45398214,31.64918023,216.9,-2.75,5.17,97.27
48,-97.45397253,31.64919011,216.9,2.75,5.22,96.02,-97.45397733,31.64918517,216.9,0,5.21,96.37,-97.45398214,31.64918023,216.9,-2.75,5.29,97.32
49,-97.45397253,31.64919011,216.9,2.75,5.28,96.02,-97.45397733,31.64918517,216.9,0,5.21,96.35,-97.45398214,31.64918023,216.9,-2.75,5.27,97.3
50,-97.45397253,31.64919011,216.9,2.75,5.26,96.01,-97.45397733,31.64918517,216.9,0,5.15,96.33,-97.45398214,31.64918023,216.9,-2.75,5.27,97.28
51,-97.45397253,31.64919011,216.9,2.75,5.21,96,-97.45397733,31.64918517,216.9,0,5.14,96.31,-97.45398214,31.64918023,216.9,-2.75,5.31,97.26
52,-97.45397253,31.64919011,216.9,2.75,5.28,95.98,-97.45397733,31.64918517,216.9,0,5.22,96.29,-97.45398214,31.64918023,216.9,-2.75,5.27,97.25
53,-97.45397253,31.64919011,216.9,2.75,5.22,96,-97.45397733,31.64918517,216.9,0,5.17,96.28,-97.45398214,31.64918023,216.9,-2.75,5.21,97.24
54,-97.45397253,31.64919011,216.9,2.75,5.26,95.99,-97.45397733,31.64918517,216.9,0,5.11,96.26,-97.45398214,31.64918023,216.9,-2.75,5.17,97.23
55,-97.45397253,31.64919011,216.9,2.75,5.26,95.98,-97.45397733,31.64918517,216.9,0,5.22,96.26,-97.45398214,31.64918023,216.9,-2.75,5.2,97.23
56,-97.45397253,31.64919011,216.9,2.75,5.19,95.99,-97.45397733,31.64918517,216.9,0,5.09,96.25,-97.45398214,31.64918023,216.9,-2.75,5.26,97.21
57,-97.45397253,31.64919011,216.9,2.75,5.26,95.98,-97.45397733,31.64918517,216.9,0,5.16,96.24,-97.45398214,31.64918023,216.9,-2.75,5.26,97.19
58,-97.45397253,31.64919011,216.9,2.75,5.29,95.97,-97.45397733,31.64918517,216.9,0,5.13,96.28,-97.45398214,31.64918023,216.9,-2.75,5.23,97.18
59,-97.45397253,31.64919011,216.9,2.75,5.24,95.96,-97.45397733,31.64918517,216.9,0,5.19,96.26,-97.45398214,31.64918023,216.9,-2.75,5.18,97.16
60,-97.45397253,31.64919011,216.9,2.75,5.33,96.01,-97.45397733,31.64918517,216.9,0,5.18,96.25,-97.45398214,31.64918023,216.9,-2.75,5.19,97.14
61,-97.45397253,31.64919011,216.9,2.75,5.21,96.04,-97.45397733,31.64918517,216.9,0,5.19,96.26,-97.45398214,31.64918023,216.9,-2.75,5.19,97.12
62,-97.45397253,31.64919011,216.9,2.75,5.27,96.08,-97.45397733,31.64918517,216.9,0,5.22,96.24,-97.45398214,31.64918023,216.9,-2.75,5.28,97.12
63,-97.45397253,31.64919011,216.9,2.75,5.27,96.06,-97.45397733,31.64918517,216.9,0,5.3,96.22,-97.45398214,31.64918023,216.9,-2.75,5.28,97.12
64,-97.45397253,31.64919011,216.9,2.75,5.23,96.07,-97.45397733,31.64918517,216.9,0,5.27,96.21,-97.45398214,31.64918023,216.9,-2.75,5.26,97.11
65,-97.45397253,31.64919011,216.9,2.75,5.22,96.07,-97.45397733,31.64918517,216.9,0,5.17,96.22,-97.45398214,31.64918023,216.9,-2.75,5.28,97.1
66,-97.45397253,31.64919011,216.9,2.75,5.22,96.06,-97.45397733,31.64918517,216.9,0,5.18,96.27,-97.45398214,31.64918023,216.9,-2.75,5.27,97.08
67,-97.45397253,31.64919011,216.9,2.75,5.24,96.06,-97.45397733,31.64918517,216.9,0,5.16,96.31,-97.45398214,31.64918023,216.9,-2.75,5.26,97.09
68,-97.45397253,31.64919011,216.9,2.75,5.23,96.05,-97.45397733,31.64918517,216.9,0,5.2,96.29,-97.45398214,31.64918023,216.9,-2.75,5.2,97.07
69,-97.45397253,31.64919011,216.9,2.75,5.27,96.05,-97.45397733,31.64918517,216.9,0,5.14,96.3,-97.45398214,31.64918023,216.9,-2.75,5.19,97.1
70,-97.45397253,31.64919011,216.9,2.75,5.25,96.03,-97.45397733,31.64918517,216.9,0,5.21,96.31,-97.45398214,31.64918023,216.9,-2.75,5.19,97.13
71,-97.45397253,31.64919011,216.9,2.75,5.24,96.02,-97.45397733,31.64918517,216.9,0,5.19,96.29,-97.45398214,31.64918023,216.9,-2.75,5.24,97.13
72,-97.45397253,31.64919011,216.9,2.75,5.26,96.01,-97.45397733,31.64918517,216.9,0,5.17,96.31,-97.45398214,31.64918023,216.9,-2.75,5.24,97.11
73,-97.45397253,31.64919011,216.9,2.75,5.26,96,-97.45397733,31.64918517,216.9,0,5.23,96.33,-97.45398214,31.64918023,216.9,-2.75,5.21,97.09
74,-97.45397253,31.64919011,216.9,2.75,5.28,96,-97.45397733,31.64918517,216.9,0,5.2,96.38,-97.45398214,31.64918023,216.9,-2.75,5.29,97.09
75,-97.45397253,31.64919011,216.9,2.75,5.31,95.99,-97.45397733,31.64918517,216.9,0,5.25,96.41,-97.45398214,31.64918023,216.9,-2.75,5.26,97.09
76,-97.45397253,31.64919011,216.9,2.75,5.28,95.99,-97.45397733,31.64918517,216.9,0,5.3,96.42,-97.45398214,31.64918023,216.9,-2.75,5.35,97.13
77,-97.45397253,31.64919011,216.9,2.75,5.25,95.99,-97.45397733,31.64918517,216.9,0,5.21,96.41,-97.45398214,31.64918023,216.9,-2.75,5.35,97.13
78,-97.45397253,31.64919011,216.9,2.75,5.22,96,-97.45397733,31.64918517,216.9,0,5.22,96.4,-97.45398214,31.64918023,216.9,-2.75,5.29,97.12
79,-97.45397253,31.64919011,216.9,2.75,5.29,95.99,-97.45397733,31.64918517,216.9,0,5.21,96.38,-97.45398214,31.64918023,216.9,-2.75,5.29,97.11
80,-97.45397253,31.64919011,216.9,2.75,5.29,95.98,-97.45397733,31.64918517,216.9,0,5.24,96.36,-97.45398214,31.64918023,216.9,-2.75,5.27,97.11
81,-97.45397253,31.64919011,216.9,2.75,5.24,95.98,-97.45397733,31.64918517,216.9,0,5.23,96.36,-97.45398214,31.64918023,216.9,-2.75,5.22,97.1
82,-97.45397253,31.64919011,216.9,2.75,5.28,95.99,-97.45397733,31.64918517,216.9,0,5.2,96.36,-97.45398214,31.64918023,216.9,-2.75,5.25,97.09
83,-97.45397253,31.64919011,216.9,2.75,5.31,95.98,-97.45397733,31.64918517,216.9,0,5.19,96.38,-97.45398214,31.64918023,216.9,-2.75,5.2,97.07
84,-97.45397253,31.64919011,216.9,2.75,5.24,95.96,-97.45397733,31.64918517,216.9,0,5.2,96.37,-97.45398214,31.64918023,216.9,-2.75,5.12,97.06
85,-97.45397253,31.64919011,216.9,2.75,5.25,95.95,-97.45397733,31.64918517,216.9,0,5.28,96.36,-97.45398214,31.64918023,216.9,-2.75,5.27,97.05
86,-97.45397253,31.64919011,216.9,2.75,5.25,95.94,-97.45397733,31.64918517,216.9,0,5.21,96.35,-97.45398214,31.64918023,216.9,-2.75,5.32,97.06
87,-97.45397253,31.64919011,216.9,2.75,5.27,95.96,-97.45397733,31.64918517,216.9,0,5.25,96.36,-97.45398214,31.64918023,216.9,-2.75,5.29,97.06
88,-97.45397253,31.64919011,216.9,2.75,5.23,95.95,-97.45397733,31.64918517,216.9,0,5.18,96.39,-97.45398214,31.64918023,216.9,-2.75,5.29,97.08
89,-97.45397253,31.64919011,216.9,2.75,5.24,95.94,-97.45397733,31.64918517,216.9,0,5.23,96.38,-97.45398214,31.64918023,216.9,-2.75,5.38,97.07
90,-97.45397253,31.64919011,216.9,2.75,5.22,95.93,-97.45397733,31.64918517,216.9,0,5.19,96.36,-97.45398214,31.64918023,216.9,-2.75,5.29,97.06
91,-97.45397253,31.64919011,216.9,2.75,5.26,95.94,-97.45397733,31.64918517,216.9,0,5.23,96.35,-97.45398214,31.64918023,216.9,-2.75,5.35,97.04
92,-97.45397253,31.64919011,216.9,2.75,5.23,95.93,-97.45397733,31.64918517,216.9,0,5.19,96.35,-97.45398214,31.64918023,216.9,-2.75,5.34,97.03
93,-97.45397253,31.64919011,216.9,2.75,5.29,95.92,-97.45397733,31.64918517,216.9,0,5.23,96.33,-97.45398214,31.64918023,216.9,-2.75,5.31,97.01
94,-97.45397253,31.64919011,216.9,2.75,5.26,95.91,-97.45397733,31.64918517,216.9,0,5.21,96.33,-97.45398214,31.64918023,216.9,-2.75,5.31,97.02
95,-97.45397253,31.64919011,216.9,2.75,5.31,95.9,-97.45397733,31.64918517,216.9,0,5.16,96.36,-97.45398214,31.64918023,216.9,-2.75,5.22,97.02
96,-97.45397253,31.64919011,216.9,2.75,5.3,95.89,-97.45397733,31.64918517,216.9,0,5.16,96.34,-97.45398214,31.64918023,216.9,-2.75,5.19,97
97,-97.45397253,31.64919011,216.9,2.75,5.31,95.9,-97.45397733,31.64918517,216.9,0,5.14,96.34,-97.45398214,31.64918023,216.9,-2.75,5.19,96.99
98,-97.45397253,31.64919011,216.9,2.75,5.28,95.89,-97.45397733,31.64918517,216.9,0,5.14,96.32,-97.45398214,31.64918023,216.9,-2.75,5.26,96.98
99,-97.45397253,31.64919011,216.9,2.75,5.25,95.89,-97.45397733,31.64918517,216.9,0,5.15,96.31,-97.45398214,31.64918023,216.9,-2.75,5.26,96.98
100,-97.45397253,31.64919011,216.9,2.75,5.3,95.88,-97.45397733,31.64918517,216.9,0,5.16,96.41,-97.45398214,31.64918023,216.9,-2.75,5.31,96.96
101,-97.45397253,31.64919011,216.9,2.75,5.28,95.85,-97.45397733,31.64918517,216.9,0,5.21,96.42,-97.45398214,31.64918023,216.9,-2.75,5.31,96.81
102,-97.45397253,31.64919011,216.9,2.75,5.27,95.82,-97.45397733,31.64918517,216.9,0,5.27,96.29,-97.45398214,31.64918023,216.9,-2.75,5.4,96.58
103,-97.45397253,31.64919011,216.9,2.75,5.21,95.78,-97.45397733,31.64918517,216.9,0,5.17,96.3,-97.45398214,31.64918023,216.9,-2.75,5.42,96.51
104,-97.45397253,31.64919011,216.9,2.75,5.23,95.76,-97.45397733,31.64918517,216.9,0,5.18,96.26,-97.45398214,31.64918023,216.9,-2.75,5.41,96.51
105,-97.45397253,31.64919011,216.9,2.75,5.22,95.76,-97.45397733,31.64918517,216.9,0,5.21,96.25,-97.45398214,31.64918023,216.9,-2.75,5.37,96.48
106,-97.45397253,31.64919011,216.9,2.75,5.24,95.76,-97.45397733,31.64918517,216.9,0,5.18,96.18,-97.45398214,31.64918023,216.9,-2.75,5.42,96.27
107,-97.45397253,31.64919011,216.9,2.75,5.22,95.78,-97.45397733,31.64918517,216.9,0,5.19,96.14,-97.45398214,31.64918023,216.9,-2.75,5.25,96.27
108,-97.45397253,31.64919011,216.9,2.75,5.3,95.74,-97.45397733,31.64918517,216.9,0,5.13,96.13,-97.45398214,31.64918023,216.9,-2.75,5.28,96.22
109,-97.45397253,31.64919011,216.9,2.75,5.22,95.81,-97.45397733,31.64918517,216.9,0,5.17,96.13,-97.45398214,31.64918023,216.9,-2.75,5.25,96.21
110,-97.45397253,31.64919011,216.9,2.75,5.29,95.77,-97.45397733,31.64918517,216.9,0,5.17,96.13,-97.45398214,31.64918023,216.9,-2.75,5.24,96.21
111,-97.45397253,31.64919011,216.9,2.75,5.23,95.76,-97.45397733,31.64918517,216.9,0,5.18,96.08,-97.45398214,31.64918023,216.9,-2.75,5.25,96.18
112,-97.45397253,31.64919011,216.9,2.75,5.24,95.76,-97.45397733,31.64918517,216.9,0,5.18,96.04,-97.45398214,31.64918023,216.9,-2.75,5.26,96.16
113,-97.45397253,31.64919011,216.9,2.75,5.22,95.73,-97.45397733,31.64918517,216.9,0,5.15,96.05,-97.45398214,31.64918023,216.9,-2.75,5.23,96.06
114,-97.45397253,31.64919011,216.9,2.75,5.23,95.69,-97.45397733,31.64918517,216.9,0,5.16,96.05,-97.45398214,31.64918023,216.9,-2.75,5.2,96.06
115,-97.45397253,31.64919011,216.9,2.75,5.24,95.68,-97.45397733,31.64918517,216.9,0,5.21,96.15,-97.45398214,31.64918023,216.9,-2.75,5.36,96.05
116,-97.45397253,31.64919011,216.9,2.75,5.19,95.68,-97.45397733,31.64918517,216.9,0,5.19,96.16,-97.45398214,31.64918023,216.9,-2.75,5.37,95.97
117,-97.45397253,31.64919011,216.9,2.75,5.14,95.72,-97.45397733,31.64918517,216.9,0,5.23,96.14,-97.45398214,31.64918023,216.9,-2.75,5.37,95.97
118,-97.45397253,31.64919011,216.9,2.75,5.23,95.67,-97.45397733,31.64918517,216.9,0,5.16,96.13,-97.45398214,31.64918023,216.9,-2.75,5.31,95.93
119,-97.45397253,31.64919011,216.9,2.75,5.22,95.67,-97.45397733,31.64918517,216.9,0,5.18,96.14,-97.45398214,31.64918023,216.9,-2.75,5.34,95.94
120,-97.45397253,31.64919011,216.9,2.75,5.24,95.67,-97.45397733,31.64918517,216.9,0,5.17,96.18,-97.45398214,31.64918023,216.9,-2.75,5.34,95.89
121,-97.45397253,31.64919011,216.9,2.75,5.26,95.67,-97.45397733,31.64918517,216.9,0,5.22,96.19,-97.45398214,31.64918023,216.9,-2.75,5.31,95.89
122,-97.45397253,31.64919011,216.9,2.75,5.28,95.69,-97.45397733,31.64918517,216.9,0,5.24,96.17,-97.45398214,31.64918023,216.9,-2.75,5.25,95.86
123,-97.45397253,31.64919011,216.9,2.75,5.24,95.68,-97.45397733,31.64918517,216.9,0,5.16,96.25,-97.45398214,31.64918023,216.9,-2.75,5.28,95.85
124,-97.45397253,31.64919011,216.9,2.75,5.18,95.65,-97.45397733,31.64918517,216.9,0,5.19,96.31,-97.45398214,31.64918023,216.9,-2.75,5.22,95.86
125,-97.45397253,31.64919011,216.9,2.75,5.25,95.65,-97.45397733,31.64918517,216.9,0,5.17,96.27,-97.45398214,31.64918023,216.9,-2.75,5.27,95.82
126,-97.45397253,31.64919011,216.9,2.75,5.26,95.66,-97.45397733,31.64918517,216.9,0,5.2,96.27,-97.45398214,31.64918023,216.9,-2.75,5.29,95.76
127,-97.45397253,31.64919011,216.9,2.75,5.25,95.66,-97.45397733,31.64918517,216.9,0,5.22,96.27,-97.45398214,31.64918023,216.9,-2.75,5.29,95.72
128,-97.45397253,31.64919011,216.9,2.75,5.28,95.67,-97.45397733,31.64918517,216.9,0,5.19,96.26,-97.45398214,31.64918023,216.9,-2.75,5.31,95.65
129,-97.45397253,31.64919011,216.9,2.75,5.26,95.71,-97.45397733,31.64918517,216.9,0,5.21,96.13,-97.45398214,31.64918023,216.9,-2.75,5.33,95.55
130,-97.45397253,31.64919011,216.9,2.75,5.2,95.72,-97.45397733,31.64918517,216.9,0,5.17,96.12,-97.45398214,31.64918023,216.9,-2.75,5.35,95.53
131,-97.45397253,31.64919011,216.9,2.75,5.25,95.7,-97.45397733,31.64918517,216.9,0,5.17,96.14,-97.45398214,31.64918023,216.9,-2.75,5.33,95.54
132,-97.45397253,31.64919011,216.9,2.75,5.26,95.65,-97.45397733,31.64918517,216.9,0,5.19,96.13,-97.45398214,31.64918023,216.9,-2.75,5.37,95.55
133,-97.45397253,31.64919011,216.9,2.75,5.25,95.62,-97.45397733,31.64918517,216.9,0,5.18,96.13,-97.45398214,31.64918023,216.9,-2.75,5.37,95.56
134,-97.45397253,31.64919011,216.9,2.75,5.32,95.63,-97.45397733,31.64918517,216.9,0,5.22,96.13,-97.45398214,31.64918023,216.9,-2.75,5.27,95.54
135,-97.45397253,31.64919011,216.9,2.75,5.32,95.65,-97.45397733,31.64918517,216.9,0,5.22,96.11,-97.45398214,31.64918023,216.9,-2.75,5.22,95.49
136,-97.45397253,31.64919011,216.9,2.75,5.22,95.66,-97.45397733,31.64918517,216.9,0,5.21,96.11,-97.45398214,31.64918023,216.9,-2.75,5.21,95.49
137,-97.45397253,31.64919011,216.9,2.75,5.28,95.65,-97.45397733,31.64918517,216.9,0,5.19,96.12,-97.45398214,31.64918023,216.9,-2.75,5.28,95.49
138,-97.45397253,31.64919011,216.9,2.75,5.26,95.64,-97.45397733,31.64918517,216.9,0,5.2,96.12,-97.45398214,31.64918023,216.9,-2.75,5.24,95.48
139,-97.45397253,31.64919011,216.9,2.75,5.24,95.66,-97.45397733,31.64918517,216.9,0,5.16,96.09,-97.45398214,31.64918023,216.9,-2.75,5.24,95.45
140,-97.45397253,31.64919011,216.9,2.75,5.21,95.62,-97.45397733,31.64918517,216.9,0,5.17,96.09,-97.45398214,31.64918023,216.9,-2.75,5.22,95.46
141,-97.45397253,31.64919011,216.9,2.75,5.25,95.58,-97.45397733,31.64918517,216.9,0,5.27,96.07,-97.45398214,31.64918023,216.9,-2.75,5.28,95.46
142,-97.45397253,31.64919011,216.9,2.75,5.22,95.57,-97.45397733,31.64918517,216.9,0,5.23,96.09,-97.45398214,31.64918023,216.9,-2.75,5.31,95.47
143,-97.45397253,31.64919011,216.9,2.75,5.27,95.57,-97.45397733,31.64918517,216.9,0,5.19,96.11,-97.45398214,31.64918023,216.9,-2.75,5.26,95.47
144,-97.45397253,31.64919011,216.9,2.75,5.25,95.56,-97.45397733,31.64918517,216.9,0,5.22,96.11,-97.45398214,31.64918023,216.9,-2.75,5.19,95.48
145,-97.45397253,31.64919011,216.9,2.75,5.21,95.58,-97.45397733,31.64918517,216.9,0,5.25,96.11,-97.45398214,31.64918023,216.9,-2.75,5.21,95.48
146,-97.45397253,31.64919011,216.9,2.75,5.24,95.59,-97.45397733,31.64918517,216.9,0,5.1,96.1,-97.45398214,31.64918023,216.9,-2.75,5.24,95.44
147,-97.45397253,31.64919011,216.9,2.75,5.23,95.59,-97.45397733,31.64918517,216.9,0,5.2,96.1,-97.45398214,31.64918023,216.9,-2.75,5.21,95.43
148,-97.45397253,31.64919011,216.9,2.75,5.17,95.58,-97.45397733,31.64918517,216.9,0,5.18,96.09,-97.45398214,31.64918023,216.9,-2.75,5.22,95.4
149,-97.45397253,31.64919011,216.9,2.75,5.23,95.58,-97.45397733,31.64918517,216.9,0,5.23,96.1,-97.45398214,31.64918023,216.9,-2.75,5.23,95.4
150,-97.45397253,31.64919011,216.9,2.75,5.16,95.59,-97.45397733,31.64918517,216.9,0,5.27,96.12,-97.45398214,31.64918023,216.9,-2.75,5.24,95.4
151,-97.45397253,31.64919011,216.9,2.75,5.17,95.59,-97.45397733,31.64918517,216.9,0,5.23,96.13,-97.45398214,31.64918023,216.9,-2.75,5.24,95.4
152,-97.45397253,31.64919011,216.9,2.75,5.21,95.57,-97.45397733,31.64918517,216.9,0,5.19,96.13,-97.45398214,31.64918023,216.9,-2.75,5.25,95.39
153,-97.45397253,31.64919011,216.9,2.75,5.27,95.52,-97.45397733,31.64918517,216.9,0,5.24,96.11,-97.45398214,31.64918023,216.9,-2.75,5.22,95.42
154,-97.45397253,31.64919011,216.9,2.75,5.19,95.51,-97.45397733,31.64918517,216.9,0,5.18,96.15,-97.45398214,31.64918023,216.9,-2.75,5.24,95.42
155,-97.45397253,31.64919011,216.9,2.75,5.21,95.49,-97.45397733,31.64918517,216.9,0,5.28,96.18,-97.45398214,31.64918023,216.9,-2.75,5.26,95.4
156,-97.45397253,31.64919011,216.9,2.75,5.2,95.48,-97.45397733,31.64918517,216.9,0,5.15,96.19,-97.45398214,31.64918023,216.9,-2.75,5.28,95.45
157,-97.45397253,31.64919011,216.9,2.75,5.19,95.48,-97.45397733,31.64918517,216.9,0,5.28,96.17,-97.45398214,31.64918023,216.9,-2.75,5.23,95.45
158,-97.45397253,31.64919011,216.9,2.75,5.2,95.48,-97.45397733,31.64918517,216.9,0,5.25,96.18,-97.45398214,31.64918023,216.9,-2.75,5.24,95.45
159,-97.45397253,31.64919011,216.9,2.75,5.18,95.53,-97.45397733,31.64918517,216.9,0,5.3,96.2,-97.45398214,31.64918023,216.9,-2.75,5.2,95.44
160,-97.45397253,31.64919011,216.9,2.75,5.19,95.49,-97.45397733,31.64918517,216.9,0,5.33,96.17,-97.45398214,31.64918023,216.9,-2.75,5.24,95.44
161,-97.45397253,31.64919011,216.9,2.75,5.19,95.48,-97.45397733,31.64918517,216.9,0,5.29,96.14,-97.45398214,31.64918023,216.9,-2.75,5.19,95.37
162,-97.45397253,31.64919011,216.9,2.75,5.26,95.5,-97.45397733,31.64918517,216.9,0,5.26,96.15,-97.45398214,31.64918023,216.9,-2.75,5.22,95.37
163,-97.45397253,31.64919011,216.9,2.75,5.24,95.5,-97.45397733,31.64918517,216.9,0,5.3,96.13,-97.45398214,31.64918023,216.9,-2.75,5.3,95.37
164,-97.45397253,31.64919011,216.9,2.75,5.21,95.5,-97.45397733,31.64918517,216.9,0,5.27,96.18,-97.45398214,31.64918023,216.9,-2.75,5.21,95.38
165,-97.45397253,31.64919011,216.9,2.75,5.21,95.5,-97.45397733,31.64918517,216.9,0,5.24,96.18,-97.45398214,31.64918023,216.9,-2.75,5.29,95.38
166,-97.45397253,31.64919011,216.9,2.75,5.2,95.54,-97.45397733,31.64918517,216.9,0,5.32,96.19,-97.45398214,31.64918023,216.9,-2.75,5.33,95.4
167,-97.45397253,31.64919011,216.9,2.75,5.24,95.54,-97.45397733,31.64918517,216.9,0,5.26,96.28,-97.45398214,31.64918023,216.9,-2.75,5.32,95.38
168,-97.45397253,31.64919011,216.9,2.75,5.22,95.53,-97.45397733,31.64918517,216.9,0,5.3,96.26,-97.45398214,31.64918023,216.9,-2.75,5.32,95.38
169,-97.45397253,31.64919011,216.9,2.75,5.23,95.47,-97.45397733,31.64918517,216.9,0,5.2,96.23,-97.45398214,31.64918023,216.9,-2.75,5.32,95.39
170,-97.45397253,31.64919011,216.9,2.75,5.18,95.5,-97.45397733,31.64918517,216.9,0,5.32,96.22,-97.45398214,31.64918023,216.9,-2.75,5.31,95.37
171,-97.45397253,31.64919011,216.9,2.75,5.28,95.54,-97.45397733,31.64918517,216.9,0,5.24,96.2,-97.45398214,31.64918023,216.9,-2.75,5.27,95.31
172,-97.45397253,31.64919011,216.9,2.75,5.2,95.66,-97.45397733,31.64918517,216.9,0,5.25,96.21,-97.45398214,31.64918023,216.9,-2.75,5.28,95.3
173,-97.45397253,31.64919011,216.9,2.75,5.23,95.66,-97.45397733,31.64918517,216.9,0,5.19,96.22,-97.45398214,31.64918023,216.9,-2.75,5.26,95.3
174,-97.45397253,31.64919011,216.9,2.75,5.22,95.68,-97.45397733,31.64918517,216.9,0,5.22,96.22,-97.45398214,31.64918023,216.9,-2.75,5.26,95.3
175,-97.45397253,31.64919011,216.9,2.75,5.24,95.65,-97.45397733,31.64918517,216.9,0,5.14,96.22,-97.45398214,31.64918023,216.9,-2.75,5.28,95.3
176,-97.45397253,31.64919011,216.9,2.75,5.21,95.65,-97.45397733,31.64918517,216.9,0,5.29,96.26,-97.45398214,31.64918023,216.9,-2.75,5.18,95.3
177,-97.45397253,31.64919011,216.9,2.75,5.24,95.67,-97.45397733,31.64918517,216.9,0,5.21,96.19,-97.45398214,31.64918023,216.9,-2.75,5.28,95.3
178,-97.45397253,31.64919011,216.9,2.75,5.21,95.7,-97.45397733,31.64918517,216.9,0,5.25,96.22,-97.45398214,31.64918023,216.9,-2.75,5.23,95.33
179,-97.45397253,31.64919011,216.9,2.75,5.19,95.71,-97.45397733,31.64918517,216.9,0,5.28,96.22,-97.45398214,31.64918023,216.9,-2.75,5.35,95.31
180,-97.45397253,31.64919011,216.9,2.75,5.21,95.74,-97.45397733,31.64918517,216.9,0,5.26,96.22,-97.45398214,31.64918023,216.9,-2.75,5.29,95.31
181,-97.45397253,31.64919011,216.9,2.75,5.27,95.74,-97.45397733,31.64918517,216.9,0,5.29,96.17,-97.45398214,31.64918023,216.9,-2.75,5.23,95.32
182,-97.45397253,31.64919011,216.9,2.75,5.27,95.73,-97.45397733,31.64918517,216.9,0,5.27,96.18,-97.45398214,31.64918023,216.9,-2.75,5.3,95.31
183,-97.45397253,31.64919011,216.9,2.75,5.19,95.72,-97.45397733,31.64918517,216.9,0,5.26,96.16,-97.45398214,31.64918023,216.9,-2.75,5.3,95.31
184,-97.45397253,31.64919011,216.9,2.75,5.19,95.72,-97.45397733,31.64918517,216.9,0,5.18,96.17,-97.45398214,31.64918023,216.9,-2.75,5.31,95.27
185,-97.45397253,31.64919011,216.9,2.75,5.22,95.71,-97.45397733,31.64918517,216.9,0,5.25,96.16,-97.45398214,31.64918023,216.9,-2.75,5.26,95.26
186,-97.45397253,31.64919011,216.9,2.75,5.22,95.69,-97.45397733,31.64918517,216.9,0,5.27,96.16,-97.45398214,31.64918023,216.9,-2.75,5.25,95.24
187,-97.45397253,31.64919011,216.9,2.75,5.16,95.68,-97.45397733,31.64918517,216.9,0,5.21,96.15,-97.45398214,31.64918023,216.9,-2.75,5.32,95.27
188,-97.45397253,31.64919011,216.9,2.75,5.23,95.63,-97.45397733,31.64918517,216.9,0,5.17,96.16,-97.45398214,31.64918023,216.9,-2.75,5.31,95.29
189,-97.45397253,31.64919011,216.9,2.75,5.24,95.64,-97.45397733,31.64918517,216.9,0,5.25,96.16,-97.45398214,31.64918023,216.9,-2.75,5.31,95.29
190,-97.45397253,31.64919011,216.9,2.75,5.21,95.67,-97.45397733,31.64918517,216.9,0,5.26,96.1,-97.45398214,31.64918023,216.9,-2.75,5.28,95.3
191,-97.45397253,31.64919011,216.9,2.75,5.23,95.67,-97.45397733,31.64918517,216.9,0,5.25,96.1,-97.45398214,31.64918023,216.9,-2.75,5.36,95.3
192,-97.45397253,31.64919011,216.9,2.75,5.24,95.61,-97.45397733,31.64918517,216.9,0,5.22,96.11,-97.45398214,31.64918023,216.9,-2.75,5.29,95.3
193,-97.45397253,31.64919011,216.9,2.75,5.21,95.62,-97.45397733,31.64918517,216.9,0,5.28,96.12,-97.45398214,31.64918023,216.9,-2.75,5.28,95.3
194,-97.45397253,31.64919011,216.9,2.75,5.21,95.62,-97.45397733,31.64918517,216.9,0,5.22,96.05,-97.45398214,31.64918023,216.9,-2.75,5.27,95.29
195,-97.45397253,31.64919011,216.9,2.75,5.2,95.62,-97.45397733,31.64918517,216.9,0,5.22,96.09,-97.45398214,31.64918023,216.9,-2.75,5.28,95.29
196,-97.45397253,31.64919011,216.9,2.75,5.18,95.61,-97.45397733,31.64918517,216.9,0,5.22,96.09,-97.45398214,31.64918023,216.9,-2.75,5.25,95.25
197,-97.45397253,31.64919011,216.9,2.75,5.24,95.62,-97.45397733,31.64918517,216.9,0,5.27,96.1,-97.45398214,31.64918023,216.9,-2.75,5.23,95.25
198,-97.45397253,31.64919011,216.9,2.75,5.24,95.62,-97.45397733,31.64918517,216.9,0,5.22,96.09,-97.45398214,31.64918023,216.9,-2.75,5.18,95.25
199,-97.45397253,31.64919011,216.9,2.75,5.24,95.65,-97.45397733,31.64918517,216.9,0,5.2,96.11,-97.45398214,31.64918023,216.9,-2.75,5.27,95.24
200,-97.45397253,31.64919011,216.9,2.75,5.23,95.65,-97.45397733,31.64918517,216.9,0,5.18,96.12,-97.45398214,31.64918023,216.9,-2.75,5.25,95.23
201,-97.45397253,31.64919011,216.9,2.75,5.18,95.68,-97.45397733,31.64918517,216.9,0,5.18,96.15,-97.45398214,31.64918023,216.9,-2.75,5.21,95.26
202,-97.45397253,31.64919011,216.9,2.75,5.2,95.7,-97.45397733,31.64918517,216.9,0,5.21,96.15,-97.45398214,31.64918023,216.9,-2.75,5.28,95.3
203,-97.45397253,31.64919011,216.9,2.75,5.2,95.68,-97.45397733,31.64918517,216.9,0,5.15,96.13,-97.45398214,31.64918023,216.9,-2.75,5.25,95.31
204,-97.45397253,31.64919011,216.9,2.75,5.24,95.69,-97.45397733,31.64918517,216.9,0,5.17,96.12,-97.45398214,31.64918023,216.9,-2.75,5.18,95.34
205,-97.45397253,31.64919011,216.9,2.75,5.26,95.69,-97.45397733,31.64918517,216.9,0,5.23,96.12,-97.45398214,31.64918023,216.9,-2.75,5.25,95.34
206,-97.45397253,31.64919011,216.9,2.75,5.26,95.67,-97.45397733,31.64918517,216.9,0,5.22,96.14,-97.45398214,31.64918023,216.9,-2.75,5.26,95.33
207,-97.45397253,31.64919011,216.9,2.75,5.22,95.67,-97.45397733,31.64918517,216.9,0,5.19,96.16,-97.45398214,31.64918023,216.9,-2.75,5.3,95.34
208,-97.45397253,31.64919011,216.9,2.75,5.25,95.67,-97.45397733,31.64918517,216.9,0,5.18,96.16,-97.45398214,31.64918023,216.9,-2.75,5.27,95.33
209,-97.45397253,31.64919011,216.9,2.75,5.27,95.62,-97.45397733,31.64918517,216.9,0,5.1,96.13,-97.45398214,31.64918023,216.9,-2.75,5.3,95.34
210,-97.45397253,31.64919011,216.9,2.75,5.23,95.63,-97.45397733,31.64918517,216.9,0,5.24,96.19,-97.45398214,31.64918023,216.9,-2.75,5.37,95.33
211,-97.45397253,31.64919011,216.9,2.75,5.28,95.65,-97.45397733,31.64918517,216.9,0,5.21,96.18,-97.45398214,31.64918023,216.9,-2.75,5.39,95.33
212,-97.45397253,31.64919011,216.9,2.75,5.27,95.64,-97.45397733,31.64918517,216.9,0,5.15,96.17,-97.45398214,31.64918023,216.9,-2.75,5.4,95.33
213,-97.45397253,31.64919011,216.9,2.75,5.28,95.65,-97.45397733,31.64918517,216.9,0,5.16,96.17,-97.45398214,31.64918023,216.9,-2.75,5.38,95.34
214,-97.45397253,31.64919011,216.9,2.75,5.22,95.65,-97.45397733,31.64918517,216.9,0,5.2,96.11,-97.45398214,31.64918023,216.9,-2.75,5.38,95.35
215,-97.45397253,31.64919011,216.9,2.75,5.26,95.67,-97.45397733,31.64918517,216.9,0,5.1,96.11,-97.45398214,31.64918023,216.9,-2.75,5.34,95.35
216,-97.45397253,31.64919011,216.9,2.75,5.24,95.67,-97.45397733,31.64918517,216.9,0,5.09,96.1,-97.45398214,31.64918023,216.9,-2.75,5.32,95.35
217,-97.45397253,31.64919011,216.9,2.75,5.24,95.67,-97.45397733,31.64918517,216.9,0,5.24,96.09,-97.45398214,31.64918023,216.9,-2.75,5.35,95.35
218,-97.45397253,31.64919011,216.9,2.75,5.22,95.63,-97.45397733,31.64918517,216.9,0,5.23,96.09,-97.45398214,31.64918023,216.9,-2.75,5.35,95.34
219,-97.45397253,31.64919011,216.9,2.75,5.17,95.62,-97.45397733,31.64918517,216.9,0,5.21,96.14,-97.45398214,31.64918023,216.9,-2.75,5.34,95.34
220,-97.45397253,31.64919011,216.9,2.75,5.25,95.63,-97.45397733,31.64918517,216.9,0,5.15,96.13,-97.45398214,31.64918023,216.9,-2.75,5.29,95.32
221,-97.45397253,31.64919011,216.9,2.75,5.19,95.64,-97.45397733,31.64918517,216.9,0,5.22,96.15,-97.45398214,31.64918023,216.9,-2.75,5.31,95.3
222,-97.45397253,31.64919011,216.9,2.75,5.31,95.62,-97.45397733,31.64918517,216.9,0,5.15,96.16,-97.45398214,31.64918023,216.9,-2.75,5.4,95.27
223,-97.45397253,31.64919011,216.9,2.75,5.25,95.69,-97.45397733,31.64918517,216.9,0,5.19,96.14,-97.45398214,31.64918023,216.9,-2.75,5.31,95.33
224,-97.45397253,31.64919011,216.9,2.75,5.27,95.65,-97.45397733,31.64918517,216.9,0,5.19,96.12,-97.45398214,31.64918023,216.9,-2.75,5.32,95.33
225,-97.45397253,31.64919011,216.9,2.75,5.27,95.69,-97.45397733,31.64918517,216.9,0,5.24,96.11,-97.45398214,31.64918023,216.9,-2.75,5.34,95.33
226,-97.45397253,31.64919011,216.9,2.75,5.27,95.68,-97.45397733,31.64918517,216.9,0,5.24,96.14,-97.45398214,31.64918023,216.9,-2.75,5.28,95.33
227,-97.45397241,31.64918999,216.9,2.75,5.25,95.71,-97.45397721,31.64918505,216.9,0,5.33,96.16,-97.45398202,31.64918011,216.9,-2.75,5.33,95.33
228,-97.45397241,31.64918999,216.9,2.75,5.29,95.71,-97.45397721,31.64918505,216.9,0,5.22,96.16,-97.45398202,31.64918011,216.9,-2.75,5.33,95.32
229,-97.45397241,31.64918999,216.9,2.75,5.29,95.71,-97.45397721,31.64918505,216.9,0,5.29,96.16,-97.45398202,31.64918011,216.9,-2.75,5.32,95.31
230,-97.45397241,31.64918999,216.9,2.75,5.25,95.72,-97.45397721,31.64918505,216.9,0,5.29,96.16,-97.45398202,31.64918011,216.9,-2.75,5.31,95.29
231,-97.45397241,31.64918999,216.9,2.75,5.28,95.73,-97.45397721,31.64918505,216.9,0,5.23,96.19,-97.45398202,31.64918011,216.9,-2.75,5.35,95.3
232,-97.45397241,31.64918999,216.9,2.75,5.23,95.72,-97.45397721,31.64918505,216.9,0,5.26,96.15,-97.45398202,31.64918011,216.9,-2.75,5.3,95.29
233,-97.45397241,31.64918999,216.9,2.75,5.23,95.73,-97.45397721,31.64918505,216.9,0,5.2,96.18,-97.45398202,31.64918011,216.9,-2.75,5.4,95.31
234,-97.45397227,31.64918984,216.9,2.75,5.21,95.73,-97.45397707,31.6491849,216.9,0,5.23,96.17,-97.45398187,31.64917997,216.9,-2.75,5.41,95.35
235,-97.45397227,31.64918984,216.9,2.75,5.29,95.72,-97.45397707,31.6491849,216.9,0,5.2,96.18,-97.45398187,31.64917997,216.9,-2.75,5.34,95.32
236,-97.45397227,31.64918984,216.9,2.75,5.22,95.71,-97.45397707,31.6491849,216.9,0,5.24,96.19,-97.45398187,31.64917997,216.9,-2.75,5.35,95.33
237,-97.45397227,31.64918984,216.9,2.75,5.23,95.75,-97.45397707,31.6491849,216.9,0,5.23,96.2,-97.45398187,31.64917997,216.9,-2.75,5.26,95.28
238,-97.45397227,31.64918984,216.9,2.75,5.19,95.75,-97.45397707,31.6491849,216.9,0,5.27,96.21,-97.45398187,31.64917997,216.9,-2.75,5.34,95.31
239,-97.45397227,31.64918984,216.9,2.75,5.23,95.75,-97.45397707,31.6491849,216.9,0,5.24,96.23,-97.45398187,31.64917997,216.9,-2.75,5.36,95.25
240,-97.45397214,31.64918977,216.9,2.75,5.21,95.76,-97.45397694,31.64918483,216.9,0,5.21,96.23,-97.45398175,31.6491799,216.9,-2.75,5.33,95.27
241,-97.45397214,31.64918977,216.9,2.75,5.23,95.74,-97.45397694,31.64918483,216.9,0,5.16,96.24,-97.45398175,31.6491799,216.9,-2.75,5.26,95.27
242,-97.45397214,31.64918977,216.9,2.75,5.26,95.81,-97.45397694,31.64918483,216.9,0,5.16,96.21,-97.45398175,31.6491799,216.9,-2.75,5.3,95.35
243,-97.45397214,31.64918977,216.9,2.75,5.23,95.82,-97.45397694,31.64918483,216.9,0,5.23,96.26,-97.45398175,31.6491799,216.9,-2.75,5.3,95.33
244,-97.45397214,31.64918977,216.9,2.75,5.26,95.81,-97.45397694,31.64918483,216.9,0,5.23,96.28,-97.45398175,31.6491799,216.9,-2.75,5.32,95.31
245,-97.45397214,31.64918977,216.9,2.75,5.28,95.81,-97.45397694,31.64918483,216.9,0,5.27,96.28,-97.45398175,31.6491799,216.9,-2.75,5.3,95.29
246,-97.45397205,31.64918977,216.9,2.75,5.21,95.78,-97.45397685,31.64918483,216.9,0,5.19,96.27,-97.45398165,31.6491799,216.9,-2.75,5.3,95.27
247,-97.45397205,31.64918977,216.9,2.75,5.23,95.79,-97.45397685,31.64918483,216.9,0,5.14,96.27,-97.45398165,31.6491799,216.9,-2.75,5.28,95.27
248,-97.45397205,31.64918977,216.9,2.75,5.28,95.79,-97.45397685,31.64918483,216.9,0,5.21,96.3,-97.45398165,31.6491799,216.9,-2.75,5.34,95.27
249,-97.45397205,31.64918977,216.9,2.75,5.26,95.79,-97.45397685,31.64918483,216.9,0,5.16,96.29,-97.45398165,31.6491799,216.9,-2.75,5.34,95.18
250,-97.45397689,31.64918983,216.9,2.75,5.26,95.79,-97.45397685,31.64918483,216.9,0,5.2,96.38,-97.45397681,31.64917984,216.9,-2.75,5.38,95.16
251,-97.45397689,31.64918983,216.9,2.75,5.28,95.82,-97.45397685,31.64918483,216.9,0,5.17,96.4,-97.45397681,31.64917984,216.9,-2.75,5.3,95.19
252,-97.45397689,31.64918983,216.9,2.75,5.24,95.82,-97.45397685,31.64918483,216.9,0,5.16,96.4,-97.45397681,31.64917984,216.9,-2.75,5.27,95.2
253,-97.45397689,31.64918983,216.9,2.75,5.24,95.82,-97.45397685,31.64918483,216.9,0,5.18,96.41,-97.45397681,31.64917984,216.9,-2.75,5.25,95.2
254,-97.45397703,31.64918998,216.9,2.75,5.24,95.8,-97.45397699,31.64918499,216.9,0,5.12,96.4,-97.45397695,31.64917999,216.9,-2.75,5.28,95.21
255,-97.45397703,31.64918998,216.9,2.75,5.26,95.83,-97.45397699,31.64918499,216.9,0,5.19,96.39,-97.45397695,31.64917999,216.9,-2.75,5.31,95.21
256,-97.45397703,31.64918998,216.9,2.75,5.27,95.83,-97.45397699,31.64918499,216.9,0,5.18,96.44,-97.45397695,31.64917999,216.9,-2.75,5.28,95.22
257,-97.45397703,31.64918998,216.9,2.75,5.3,95.81,-97.45397699,31.64918499,216.9,0,5.19,96.44,-97.45397695,31.64917999,216.9,-2.75,5.3,95.25
258,-97.45397703,31.64918998,216.9,2.75,5.3,95.8,-97.45397699,31.64918499,216.9,0,5.19,96.43,-97.45397695,31.64917999,216.9,-2.75,5.23,95.27
259,-97.45397703,31.64918998,216.9,2.75,5.22,95.79,-97.45397699,31.64918499,216.9,0,5.25,96.41,-97.45397695,31.64917999,216.9,-2.75,5.3,95.29
260,-97.45397703,31.64918998,216.9,2.75,5.31,95.79,-97.45397699,31.64918499,216.9,0,5.25,96.42,-97.45397695,31.64917999,216.9,-2.75,5.31,95.29
261,-97.45397721,31.64919016,216.9,2.75,5.28,95.74,-97.45397717,31.64918517,216.9,0,5.18,96.44,-97.45397712,31.64918017,216.9,-2.75,5.28,95.29
262,-97.45397721,31.64919016,216.9,2.75,5.28,95.69,-97.45397717,31.64918517,216.9,0,5.22,96.43,-97.45397712,31.64918017,216.9,-2.75,5.21,95.29
263,-97.45398018,31.6491902,216.9,2.75,5.28,95.65,-97.45397717,31.64918517,216.9,0,5.12,96.48,-97.45397416,31.64918013,216.9,-2.75,5.27,95.31
264,-97.45398018,31.6491902,216.9,2.75,5.24,95.66,-97.45397717,31.64918517,216.9,0,5.19,96.47,-97.45397416,31.64918013,216.9,-2.75,5.27,95.3
265,-97.45398018,31.6491902,216.9,2.75,5.31,95.64,-97.45397717,31.64918517,216.9,0,5.17,96.47,-97.45397416,31.64918013,216.9,-2.75,5.26,95.29
266,-97.45398018,31.6491902,216.9,2.75,5.26,95.64,-97.45397717,31.64918517,216.9,0,5.22,96.46,-97.45397416,31.64918013,216.9,-2.75,5.25,95.28
267,-97.45398041,31.64919028,216.9,2.75,5.26,95.71,-97.4539774,31.64918524,216.9,0,5.16,96.39,-97.45397439,31.64918021,216.9,-2.75,5.17,95.29
268,-97.45398041,31.64919028,216.9,2.75,5.3,95.7,-97.4539774,31.64918524,216.9,0,5.17,96.36,-97.45397439,31.64918021,216.9,-2.75,5.2,95.27
269,-97.45398041,31.64919028,216.9,2.75,5.24,95.7,-97.4539774,31.64918524,216.9,0,5.21,96.35,-97.45397439,31.64918021,216.9,-2.75,5.16,95.28
270,-97.45398041,31.64919028,216.9,2.75,5.2,95.72,-97.4539774,31.64918524,216.9,0,5.19,96.34,-97.45397439,31.64918021,216.9,-2.75,5.23,95.26
271,-97.45398041,31.64919028,216.9,2.75,5.19,95.72,-97.4539774,31.64918524,216.9,0,5.13,96.32,-97.45397439,31.64918021,216.9,-2.75,5.2,95.29
272,-97.45398041,31.64919028,216.9,2.75,5.17,95.71,-97.4539774,31.64918524,216.9,0,5.22,96.34,-97.45397439,31.64918021,216.9,-2.75,5.18,95.35
273,-97.45398041,31.64919028,216.9,2.75,5.2,95.71,-97.4539774,31.64918524,216.9,0,5.2,96.29,-97.45397439,31.64918021,216.9,-2.75,5.22,95.36
274,-97.45398068,31.64919037,216.9,2.75,5.22,95.71,-97.45397767,31.64918533,216.9,0,5.25,96.29,-97.45397466,31.6491803,216.9,-2.75,5.25,95.35
275,-97.45398068,31.64919037,216.9,2.75,5.23,95.7,-97.45397767,31.64918533,216.9,0,5.2,96.27,-97.45397466,31.6491803,216.9,-2.75,5.17,95.32
276,-97.45398068,31.64919037,216.9,2.75,5.2,95.7,-97.45397767,31.64918533,216.9,0,5.25,96.25,-97.45397466,31.6491803,216.9,-2.75,5.26,95.32
277,-97.45398068,31.64919037,216.9,2.75,5.25,95.69,-97.45397767,31.64918533,216.9,0,5.21,96.23,-97.45397466,31.6491803,216.9,-2.75,5.26,95.26
278,-97.45398068,31.64919037,216.9,2.75,5.17,95.68,-97.45397767,31.64918533,216.9,0,5.21,96.23,-97.45397466,31.6491803,216.9,-2.75,5.27,95.23
279,-97.45398068,31.64919037,216.9,2.75,5.26,95.67,-97.45397767,31.64918533,216.9,0,5.15,96.23,-97.45397466,31.6491803,216.9,-2.75,5.29,95.2
280,-97.45398001,31.64919095,216.9,2.75,5.21,95.66,-97.453977,31.64918592,216.9,0,5.22,96.29,-97.45397399,31.64918088,216.9,-2.75,5.3,95.23
281,-97.45398001,31.64919095,216.9,2.75,5.16,95.66,-97.453977,31.64918592,216.9,0,5.23,96.29,-97.45397399,31.64918088,216.9,-2.75,5.31,95.25
282,-97.45398001,31.64919095,216.9,2.75,5.18,95.65,-97.453977,31.64918592,216.9,0,5.28,96.3,-97.45397399,31.64918088,216.9,-2.75,5.29,95.26
283,-97.45398001,31.64919095,216.9,2.75,5.2,95.63,-97.453977,31.64918592,216.9,0,5.23,96.27,-97.45397399,31.64918088,216.9,-2.75,5.29,95.25
284,-97.45398001,31.64919095,216.9,2.75,5.25,95.63,-97.453977,31.64918592,216.9,0,5.32,96.26,-97.45397399,31.64918088,216.9,-2.75,5.27,95.25
285,-97.45398001,31.64919095,216.9,2.75,5.2,95.64,-97.453977,31.64918592,216.9,0,5.23,96.26,-97.45397399,31.64918088,216.9,-2.75,5.24,95.24
286,-97.45397934,31.64919153,216.9,2.75,5.24,95.68,-97.45397633,31.6491865,216.9,0,5.21,96.26,-97.45397332,31.64918147,216.9,-2.75,5.32,95.23
287,-97.45397934,31.64919153,216.9,2.75,5.2,95.68,-97.45397633,31.6491865,216.9,0,5.32,96.25,-97.45397332,31.64918147,216.9,-2.75,5.33,95.24
288,-97.45397934,31.64919153,216.9,2.75,5.25,95.73,-97.45397633,31.6491865,216.9,0,5.21,96.27,-97.45397332,31.64918147,216.9,-2.75,5.34,95.22
289,-97.45397934,31.64919153,216.9,2.75,5.25,95.74,-97.45397633,31.6491865,216.9,0,5.26,96.24,-97.45397332,31.64918147,216.9,-2.75,5.3,95.2
290,-97.45397934,31.64919153,216.9,2.75,5.21,95.74,-97.45397633,31.6491865,216.9,0,5.24,96.28,-97.45397332,31.64918147,216.9,-2.75,5.27,95.23
291,-97.45397934,31.64919153,216.9,2.75,5.25,95.75,-97.45397633,31.6491865,216.9,0,5.25,96.38,-97.45397332,31.64918147,216.9,-2.75,5.3,95.24
292,-97.45397934,31.64919153,216.9,2.75,5.27,95.72,-97.45397633,31.6491865,216.9,0,5.3,96.42,-97.45397332,31.64918147,216.9,-2.75,5.31,95.23
293,-97.45397934,31.64919153,216.9,2.75,5.18,95.8,-97.45397633,31.6491865,216.9,0,5.26,96.4,-97.45397332,31.64918147,216.9,-2.75,5.33,95.23
294,-97.45397934,31.64919153,216.9,2.75,5.2,95.8,-97.45397633,31.6491865,216.9,0,5.24,96.4,-97.45397332,31.64918147,216.9,-2.75,5.31,95.26
295,-97.45397934,31.64919153,216.9,2.75,5.24,95.81,-97.45397633,31.6491865,216.9,0,5.22,96.39,-97.45397332,31.64918147,216.9,-2.75,5.35,95.23
296,-97.45397934,31.64919153,216.9,2.75,5.27,95.82,-97.45397633,31.6491865,216.9,0,5.23,96.35,-97.45397332,31.64918147,216.9,-2.75,5.37,95.23
297,-97.45397934,31.64919153,216.9,2.75,5.27,95.81,-97.45397633,31.6491865,216.9,0,5.23,96.35,-97.45397332,31.64918147,216.9,-2.75,5.32,95.23
298,-97.45397934,31.64919153,216.9,2.75,5.23,95.81,-97.45397633,31.6491865,216.9,0,5.29,96.35,-97.45397332,31.64918147,216.9,-2.75,5.33,95.24
299,-97.45397934,31.64919153,216.9,2.75,5.15,95.81,-97.45397633,31.6491865,216.9,0,5.31,96.34,-97.45397332,31.64918147,216.9,-2.75,5.37,95.23
300,-97.45397934,31.64919153,216.9,2.75,5.25,95.79,-97.45397633,31.6491865,216.9,0,5.28,96.34,-97.45397332,31.64918147,216.9,-2.75,5.31,95.26
301,-97.45397934,31.64919153,216.9,2.75,5.13,95.79,-97.45397633,31.6491865,216.9,0,5.18,96.27,-97.45397332,31.64918147,216.9,-2.75,5.37,95.27
302,-97.45397934,31.64919153,216.9,2.75,5.19,95.8,-97.45397633,31.6491865,216.9,0,5.25,96.29,-97.45397332,31.64918147,216.9,-2.75,5.34,95.36
303,-97.45397934,31.64919153,216.9,2.75,5.25,95.8,-97.45397633,31.6491865,216.9,0,5.24,96.3,-97.45397332,31.64918147,216.9,-2.75,5.32,95.45
304,-97.45397934,31.64919153,216.9,2.75,5.21,95.81,-97.45397633,31.6491865,216.9,0,5.26,96.3,-97.45397332,31.64918147,216.9,-2.75,5.26,95.53
305,-97.45397934,31.64919153,216.9,2.75,5.18,95.78,-97.45397633,31.6491865,216.9,0,5.22,96.29,-97.45397332,31.64918147,216.9,-2.75,5.36,95.53
306,-97.45397934,31.64919153,216.9,2.75,5.22,95.79,-97.45397633,31.6491865,216.9,0,5.2,96.3,-97.45397332,31.64918147,216.9,-2.75,5.38,95.52
307,-97.45397934,31.64919153,216.9,2.75,5.14,95.81,-97.45397633,31.6491865,216.9,0,5.2,96.48,-97.45397332,31.64918147,216.9,-2.75,5.31,95.52
308,-97.45397934,31.64919153,216.9,2.75,5.17,95.79,-97.45397633,31.6491865,216.9,0,5.22,96.52,-97.45397332,31.64918147,216.9,-2.75,5.33,95.45
309,-97.45397934,31.64919153,216.9,2.75,5.2,95.79,-97.45397633,31.6491865,216.9,0,5.23,96.5,-97.45397332,31.64918147,216.9,-2.75,5.33,95.45
310,-97.45397934,31.64919153,216.9,2.75,5.2,95.71,-97.45397633,31.6491865,216.9,0,5.21,96.51,-97.45397332,31.64918147,216.9,-2.75,5.28,95.46
311,-97.45397934,31.64919153,216.9,2.75,5.18,95.7,-97.45397633,31.6491865,216.9,0,5.2,96.51,-97.45397332,31.64918147,216.9,-2.75,5.33,95.55
312,-97.45397934,31.64919153,216.9,2.75,5.19,95.69,-97.45397633,31.6491865,216.9,0,5.24,96.48,-97.45397332,31.64918147,216.9,-2.75,5.33,95.53
313,-97.45397934,31.64919153,216.9,2.75,5.22,95.68,-97.45397633,31.6491865,216.9,0,5.22,96.48,-97.45397332,31.64918147,216.9,-2.75,5.27,95.53
314,-97.45397934,31.64919153,216.9,2.75,5.19,95.67,-97.45397633,31.6491865,216.9,0,5.22,96.47,-97.45397332,31.64918147,216.9,-2.75,5.19,95.54
315,-97.45397934,31.64919153,216.9,2.75,5.21,95.67,-97.45397633,31.6491865,216.9,0,5.15,96.47,-97.45397332,31.64918147,216.9,-2.75,5.24,95.53
316,-97.45397934,31.64919153,216.9,2.75,5.2,95.71,-97.45397633,31.6491865,216.9,0,5.23,96.4,-97.45397332,31.64918147,216.9,-2.75,5.25,95.52
317,-97.45397934,31.64919153,216.9,2.75,5.23,95.71,-97.45397633,31.6491865,216.9,0,5.2,96.39,-97.45397332,31.64918147,216.9,-2.75,5.19,95.51
318,-97.45397934,31.64919153,216.9,2.75,5.22,95.68,-97.45397633,31.6491865,216.9,0,5.19,96.39,-97.45397332,31.64918147,216.9,-2.75,5.18,95.5
319,-97.45397934,31.64919153,216.9,2.75,5.22,95.66,-97.45397633,31.6491865,216.9,0,5.18,96.38,-97.45397332,31.64918147,216.9,-2.75,5.26,95.5
320,-97.45397934,31.64919153,216.9,2.75,5.22,95.65,-97.45397633,31.6491865,216.9,0,5.19,96.37,-97.45397332,31.64918147,216.9,-2.75,5.25,95.49
321,-97.45397934,31.64919153,216.9,2.75,5.24,95.65,-97.45397633,31.6491865,216.9,0,5.13,96.33,-97.45397332,31.64918147,216.9,-2.75,5.24,95.47
322,-97.45397934,31.64919153,216.9,2.75,5.21,95.64,-97.45397633,31.6491865,216.9,0,5.21,96.31,-97.45397332,31.64918147,216.9,-2.75,5.27,95.47
323,-97.45397934,31.64919153,216.9,2.75,5.21,95.66,-97.45397633,31.6491865,216.9,0,5.2,96.3,-97.45397332,31.64918147,216.9,-2.75,5.26,95.47
324,-97.45397934,31.64919153,216.9,2.75,5.26,95.68,-97.45397633,31.6491865,216.9,0,5.22,96.24,-97.45397332,31.64918147,216.9,-2.75,5.21,95.47
325,-97.45397934,31.64919153,216.9,2.75,5.29,95.73,-97.45397633,31.6491865,216.9,0,5.17,96.22,-97.45397332,31.64918147,216.9,-2.75,5.21,95.49
326,-97.45397934,31.64919153,216.9,2.75,5.26,95.73,-97.45397633,31.6491865,216.9,0,5.19,96.19,-97.45397332,31.64918147,216.9,-2.75,5.26,95.51
327,-97.45397934,31.64919153,216.9,2.75,5.25,95.7,-97.45397633,31.6491865,216.9,0,5.13,96.21,-97.45397332,31.64918147,216.9,-2.75,5.22,95.51
328,-97.45397934,31.64919153,216.9,2.75,5.23,95.67,-97.45397633,31.6491865,216.9,0,5.17,96.21,-97.45397332,31.64918147,216.9,-2.75,5.27,95.51
329,-97.45397934,31.64919153,216.9,2.75,5.3,95.69,-97.45397633,31.6491865,216.9,0,5.19,96.21,-97.45397332,31.64918147,216.9,-2.75,5.31,95.51
330,-97.45397934,31.64919153,216.9,2.75,5.24,95.62,-97.45397633,31.6491865,216.9,0,5.19,96.25,-97.45397332,31.64918147,216.9,-2.75,5.3,95.51
331,-97.45397934,31.64919153,216.9,2.75,5.29,95.63,-97.45397633,31.6491865,216.9,0,5.19,96.26,-97.45397332,31.64918147,216.9,-2.75,5.32,95.51
332,-97.45397934,31.64919153,216.9,2.75,5.25,95.65,-97.45397633,31.6491865,216.9,0,5.2,96.24,-97.45397332,31.64918147,216.9,-2.75,5.31,95.51
333,-97.45397934,31.64919153,216.9,2.75,5.23,95.66,-97.45397633,31.6491865,216.9,0,5.22,96.24,-97.45397332,31.64918147,216.9,-2.75,5.38,95.49
334,-97.45397934,31.64919153,216.9,2.75,5.27,95.68,-97.45397633,31.6491865,216.9,0,5.2,96.26,-97.45397332,31.64918147,216.9,-2.75,5.29,95.48
335,-97.45397934,31.64919153,216.9,2.75,5.26,95.68,-97.45397633,31.6491865,216.9,0,5.19,96.26,-97.45397332,31.64918147,216.9,-2.75,5.37,95.49
336,-97.45397934,31.64919153,216.9,2.75,5.22,95.65,-97.45397633,31.6491865,216.9,0,5.17,96.26,-97.45397332,31.64918147,216.9,-2.75,5.34,95.49
337,-97.45397934,31.64919153,216.9,2.75,5.24,95.6,-97.45397633,31.6491865,216.9,0,5.14,96.27,-97.45397332,31.64918147,216.9,-2.75,5.29,95.47
338,-97.45397934,31.64919153,216.9,2.75,5.22,95.59,-97.45397633,31.6491865,216.9,0,5.16,96.27,-97.45397332,31.64918147,216.9,-2.75,5.29,95.47
339,-97.45397934,31.64919153,216.9,2.75,5.26,95.59,-97.45397633,31.6491865,216.9,0,5.14,96.28,-97.45397332,31.64918147,216.9,-2.75,5.31,95.48
340,-97.45397934,31.64919153,216.9,2.75,5.22,95.56,-97.45397633,31.6491865,216.9,0,5.18,96.28,-97.45397332,31.64918147,216.9,-2.75,5.31,95.48
341,-97.45397934,31.64919153,216.9,2.75,5.23,95.54,-97.45397633,31.6491865,216.9,0,5.2,96.27,-97.45397332,31.64918147,216.9,-2.75,5.29,95.47
342,-97.45397934,31.64919153,216.9,2.75,5.2,95.53,-97.45397633,31.6491865,216.9,0,5.15,96.26,-97.45397332,31.64918147,216.9,-2.75,5.3,95.46
343,-97.45397934,31.64919153,216.9,2.75,5.24,95.51,-97.45397633,31.6491865,216.9,0,5.17,96.24,-97.45397332,31.64918147,216.9,-2.75,5.35,95.45
344,-97.45397934,31.64919153,216.9,2.75,5.19,95.51,-97.45397633,31.6491865,216.9,0,5.16,96.23,-97.45397332,31.64918147,216.9,-2.75,5.34,95.45
345,-97.45397934,31.64919153,216.9,2.75,5.19,95.5,-97.45397633,31.6491865,216.9,0,5.17,96.23,-97.45397332,31.64918147,216.9,-2.75,5.43,95.55
346,-97.45397934,31.64919153,216.9,2.75,5.22,95.49,-97.45397633,31.6491865,216.9,0,5.2,96.25,-97.45397332,31.64918147,216.9,-2.75,5.38,95.55
347,-97.45397934,31.64919153,216.9,2.75,5.23,95.47,-97.45397633,31.6491865,216.9,0,5.23,96.24,-97.45397332,31.64918147,216.9,-2.75,5.34,95.54
348,-97.45397934,31.64919153,216.9,2.75,5.22,95.47,-97.45397633,31.6491865,216.9,0,5.23,96.25,-97.45397332,31.64918147,216.9,-2.75,5.33,95.54
349,-97.45397934,31.64919153,216.9,2.75,5.32,95.48,-97.45397633,31.6491865,216.9,0,5.25,96.26,-97.45397332,31.64918147,216.9,-2.75,5.33,95.55
350,-97.45397934,31.64919153,216.9,2.75,5.18,95.5,-97.45397633,31.6491865,216.9,0,5.28,96.27,-97.45397332,31.64918147,216.9,-2.75,5.36,95.54
351,-97.45397934,31.64919153,216.9,2.75,5.25,95.47,-97.45397633,31.6491865,216.9,0,5.2,96.24,-97.45397332,31.64918147,216.9,-2.75,5.35,95.55
352,-97.45397934,31.64919153,216.9,2.75,5.26,95.45,-97.45397633,31.6491865,216.9,0,5.25,96.22,-97.45397332,31.64918147,216.9,-2.75,5.28,95.56
353,-97.45397934,31.64919153,216.9,2.75,5.23,95.45,-97.45397633,31.6491865,216.9,0,5.26,96.22,-97.45397332,31.64918147,216.9,-2.75,5.38,95.56
354,-97.45397934,31.64919153,216.9,2.75,5.27,95.45,-97.45397633,31.6491865,216.9,0,5.22,96.19,-97.45397332,31.64918147,216.9,-2.75,5.39,95.55
355,-97.45397934,31.64919153,216.9,2.75,5.26,95.46,-97.45397633,31.6491865,216.9,0,5.25,96.15,-97.45397332,31.64918147,216.9,-2.75,5.35,95.55
356,-97.45397934,31.64919153,216.9,2.75,5.23,95.47,-97.45397633,31.6491865,216.9,0,5.25,96.14,-97.45397332,31.64918147,216.9,-2.75,5.4,95.56
357,-97.45397934,31.64919153,216.9,2.75,5.22,95.49,-97.45397633,31.6491865,216.9,0,5.22,96.12,-97.45397332,31.64918147,216.9,-2.75,5.35,95.51
358,-97.45397934,31.64919153,216.9,2.75,5.25,95.48,-97.45397633,31.6491865,216.9,0,5.25,96.14,-97.45397332,31.64918147,216.9,-2.75,5.37,95.48
359,-97.45397934,31.64919153,216.9,2.75,5.27,95.48,-97.45397633,31.6491865,216.9,0,5.28,96.15,-97.45397332,31.64918147,216.9,-2.75,5.36,95.49
360,-97.45397934,31.64919153,216.9,2.75,5.21,95.45,-97.45397633,31.6491865,216.9,0,5.15,96.14,-97.45397332,31.64918147,216.9,-2.75,5.38,95.52
361,-97.45397934,31.64919153,216.9,2.75,5.25,95.45,-97.45397633,31.6491865,216.9,0,5.23,96.17,-97.45397332,31.64918147,216.9,-2.75,5.29,95.51
362,-97.45397934,31.64919153,216.9,2.75,5.27,95.47,-97.45397633,31.6491865,216.9,0,5.23,96.17,-97.45397332,31.64918147,216.9,-2.75,5.3,95.53
363,-97.45397934,31.64919153,216.9,2.75,5.24,95.46,-97.45397633,31.6491865,216.9,0,5.24,96.19,-97.45397332,31.64918147,216.9,-2.75,5.31,95.53
364,-97.45397934,31.64919153,216.9,2.75,5.24,95.46,-97.45397633,31.6491865,216.9,0,5.17,96.18,-97.45397332,31.64918147,216.9,-2.75,5.33,95.53
365,-97.45397934,31.64919153,216.9,2.75,5.24,95.46,-97.45397633,31.6491865,216.9,0,5.18,96.15,-97.45397332,31.64918147,216.9,-2.75,5.28,95.59
366,-97.45397934,31.64919153,216.9,2.75,5.21,95.47,-97.45397633,31.6491865,216.9,0,5.19,96.16,-97.45397332,31.64918147,216.9,-2.75,5.29,95.64
367,-97.45397934,31.64919153,216.9,2.75,5.23,95.44,-97.45397633,31.6491865,216.9,0,5.16,96.16,-97.45397332,31.64918147,216.9,-2.75,5.35,95.62
368,-97.45397934,31.64919153,216.9,2.75,5.25,95.44,-97.45397633,31.6491865,216.9,0,5.07,96.06,-97.45397332,31.64918147,216.9,-2.75,5.35,95.63
369,-97.45397934,31.64919153,216.9,2.75,5.2,95.45,-97.45397633,31.6491865,216.9,0,5.21,96.06,-97.45397332,31.64918147,216.9,-2.75,5.35,95.63
370,-97.45397934,31.64919153,216.9,2.75,5.19,95.45,-97.45397633,31.6491865,216.9,0,5.11,96.06,-97.45397332,31.64918147,216.9,-2.75,5.33,95.65
371,-97.45397934,31.64919153,216.9,2.75,5.27,95.48,-97.45397633,31.6491865,216.9,0,5.15,96.06,-97.45397332,31.64918147,216.9,-2.75,5.36,95.65
372,-97.45397934,31.64919153,216.9,2.75,5.22,95.46,-97.45397633,31.6491865,216.9,0,5.17,96.05,-97.45397332,31.64918147,216.9,-2.75,5.36,95.65
373,-97.45397934,31.64919153,216.9,2.75,5.27,95.33,-97.45397633,31.6491865,216.9,0,5.17,96.02,-97.45397332,31.64918147,216.9,-2.75,5.36,95.65
374,-97.45397934,31.64919153,216.9,2.75,5.25,95.36,-97.45397633,31.6491865,216.9,0,5.21,96.02,-97.45397332,31.64918147,216.9,-2.75,5.37,95.66
375,-97.45397934,31.64919153,216.9,2.75,5.23,95.34,-97.45397633,31.6491865,216.9,0,5.24,96.03,-97.45397332,31.64918147,216.9,-2.75,5.35,95.67
376,-97.45397934,31.64919153,216.9,2.75,5.23,95.44,-97.45397633,31.6491865,216.9,0,5.2,96.02,-97.45397332,31.64918147,216.9,-2.75,5.32,95.67
377,-97.45397934,31.64919153,216.9,2.75,5.24,95.44,-97.45397633,31.6491865,216.9,0,5.17,95.97,-97.45397332,31.64918147,216.9,-2.75,5.32,95.66
378,-97.45397934,31.64919153,216.9,2.75,5.29,95.39,-97.45397633,31.6491865,216.9,0,5.19,96,-97.45397332,31.64918147,216.9,-2.75,5.32,95.67
379,-97.45397934,31.64919153,216.9,2.75,5.3,95.38,-97.45397633,31.6491865,216.9,0,5.15,95.98,-97.45397332,31.64918147,216.9,-2.75,5.37,95.64
380,-97.45397934,31.64919153,216.9,2.75,5.3,95.37,-97.45397633,31.6491865,216.9,0,5.28,95.98,-97.45397332,31.64918147,216.9,-2.75,5.35,95.64
381,-97.45397934,31.64919153,216.9,2.75,5.27,95.39,-97.45397633,31.6491865,216.9,0,5.25,95.98,-97.45397332,31.64918147,216.9,-2.75,5.3,95.64
382,-97.45397934,31.64919153,216.9,2.75,5.28,95.39,-97.45397633,31.6491865,216.9,0,5.19,95.98,-97.45397332,31.64918147,216.9,-2.75,5.29,95.64
383,-97.45397934,31.64919153,216.9,2.75,5.25,95.38,-97.45397633,31.6491865,216.9,0,5.15,95.97,-97.45397332,31.64918147,216.9,-2.75,5.27,95.66
384,-97.45397934,31.64919153,216.9,2.75,5.25,95.37,-97.45397633,31.6491865,216.9,0,5.12,95.98,-97.45397332,31.64918147,216.9,-2.75,5.28,95.66
385,-97.45397934,31.64919153,216.9,2.75,5.22,95.39,-97.45397633,31.6491865,216.9,0,5.2,96,-97.45397332,31.64918147,216.9,-2.75,5.29,95.65
386,-97.45397934,31.64919153,216.9,2.75,5.19,95.46,-97.45397633,31.6491865,216.9,0,5.17,96,-97.45397332,31.64918147,216.9,-2.75,5.22,95.65
387,-97.45397934,31.64919153,216.9,2.75,5.31,95.46,-97.45397633,31.6491865,216.9,0,5.15,96.02,-97.45397332,31.64918147,216.9,-2.75,5.31,95.68
388,-97.45397934,31.64919153,216.9,2.75,5.21,95.45,-97.45397633,31.6491865,216.9,0,5.2,96.04,-97.45397332,31.64918147,216.9,-2.75,5.23,95.69
389,-97.45397934,31.64919153,216.9,2.75,5.25,95.5,-97.45397633,31.6491865,216.9,0,5.12,96.03,-97.45397332,31.64918147,216.9,-2.75,5.33,95.67
390,-97.45397934,31.64919153,216.9,2.75,5.28,95.48,-97.45397633,31.6491865,216.9,0,5.14,96.04,-97.45397332,31.64918147,216.9,-2.75,5.31,95.69
391,-97.45397934,31.64919153,216.9,2.75,5.3,95.42,-97.45397633,31.6491865,216.9,0,5.26,96.05,-97.45397332,31.64918147,216.9,-2.75,5.3,95.69
392,-97.45397934,31.64919153,216.9,2.75,5.29,95.42,-97.45397633,31.6491865,216.9,0,5.22,96.11,-97.45397332,31.64918147,216.9,-2.75,5.28,95.7
393,-97.45397934,31.64919153,216.9,2.75,5.32,95.44,-97.45397633,31.6491865,216.9,0,5.16,96.11,-97.45397332,31.64918147,216.9,-2.75,5.28,95.74
394,-97.45397934,31.64919153,216.9,2.75,5.23,95.43,-97.45397633,31.6491865,216.9,0,5.13,96.17,-97.45397332,31.64918147,216.9,-2.75,5.24,95.73
395,-97.45397934,31.64919153,216.9,2.75,5.21,95.44,-97.45397633,31.6491865,216.9,0,5.2,96.18,-97.45397332,31.64918147,216.9,-2.75,5.25,95.75
396,-97.45397934,31.64919153,216.9,2.75,5.27,95.44,-97.45397633,31.6491865,216.9,0,5.24,96.16,-97.45397332,31.64918147,216.9,-2.75,5.28,95.76
397,-97.45397934,31.64919153,216.9,2.75,5.26,95.44,-97.45397633,31.6491865,216.9,0,5.17,96.16,-97.45397332,31.64918147,216.9,-2.75,5.3,95.76
398,-97.45397934,31.64919153,216.9,2.75,5.21,95.42,-97.45397633,31.6491865,216.9,0,5.17,96.15,-97.45397332,31.64918147,216.9,-2.75,5.19,95.76
399,-97.45397934,31.64919153,216.9,2.75,5.24,95.43,-97.45397633,31.6491865,216.9,0,5.19,96.13,-97.45397332,31.64918147,216.9,-2.75,5.22,95.76
400,-97.45397934,31.64919153,216.9,2.75,5.26,95.4,-97.45397633,31.6491865,216.9,0,5.15,96.11,-97.45397332,31.64918147,216.9,-2.75,5.28,95.76
401,-97.45397934,31.64919153,216.9,2.75,5.24,95.4,-97.45397633,31.6491865,216.9,0,5.14,96.11,-97.45397332,31.64918147,216.9,-2.75,5.26,95.77
402,-97.45397934,31.64919153,216.9,2.75,5.25,95.37,-97.45397633,31.6491865,216.9,0,5.17,96.1,-97.45397332,31.64918147,216.9,-2.75,5.3,95.75
403,-97.45397934,31.64919153,216.9,2.75,5.27,95.38,-97.45397633,31.6491865,216.9,0,5.19,96.12,-97.45397332,31.64918147,216.9,-2.75,5.3,95.72
404,-97.45397934,31.64919153,216.9,2.75,5.17,95.37,-97.45397633,31.6491865,216.9,0,5.17,96.13,-97.45397332,31.64918147,216.9,-2.75,5.32,95.72
405,-97.45397934,31.64919153,216.9,2.75,5.27,95.37,-97.45397633,31.6491865,216.9,0,5.22,96.14,-97.45397332,31.64918147,216.9,-2.75,5.27,95.7
406,-97.45397934,31.64919153,216.9,2.75,5.24,95.38,-97.45397633,31.6491865,216.9,0,5.18,96.15,-97.45397332,31.64918147,216.9,-2.75,5.31,95.71
407,-97.45397934,31.64919153,216.9,2.75,5.21,95.39,-97.45397633,31.6491865,216.9,0,5.14,96.13,-97.45397332,31.64918147,216.9,-2.75,5.26,95.72
408,-97.45397934,31.64919153,216.9,2.75,5.24,95.4,-97.45397633,31.6491865,216.9,0,5.17,96.12,-97.45397332,31.64918147,216.9,-2.75,5.21,95.72
409,-97.45397934,31.64919153,216.9,2.75,5.24,95.4,-97.45397633,31.6491865,216.9,0,5.21,96.14,-97.45397332,31.64918147,216.9,-2.75,5.27,95.72
410,-97.45397934,31.64919153,216.9,2.75,5.29,95.41,-97.45397633,31.6491865,216.9,0,5.28,96.15,-97.45397332,31.64918147,216.9,-2.75,5.27,95.72
411,-97.45397934,31.64919153,216.9,2.75,5.28,95.42,-97.45397633,31.6491865,216.9,0,5.19,96.11,-97.45397332,31.64918147,216.9,-2.75,5.26,95.74
412,-97.45397934,31.64919153,216.9,2.75,5.33,95.38,-97.45397633,31.6491865,216.9,0,5.22,96.12,-97.45397332,31.64918147,216.9,-2.75,5.28,95.75
413,-97.45397934,31.64919153,216.9,2.75,5.21,95.4,-97.45397633,31.6491865,216.9,0,5.17,96.13,-97.45397332,31.64918147,216.9,-2.75,5.31,95.76
414,-97.45397934,31.64919153,216.9,2.75,5.25,95.41,-97.45397633,31.6491865,216.9,0,5.23,96.14,-97.45397332,31.64918147,216.9,-2.75,5.33,95.77
415,-97.45397934,31.64919153,216.9,2.75,5.25,95.41,-97.45397633,31.6491865,216.9,0,5.21,96.16,-97.45397332,31.64918147,216.9,-2.75,5.24,95.77
416,-97.45397934,31.64919153,216.9,2.75,5.2,95.41,-97.45397633,31.6491865,216.9,0,5.19,96.17,-97.45397332,31.64918147,216.9,-2.75,5.33,95.78
417,-97.45397934,31.64919153,216.9,2.75,5.24,95.4,-97.45397633,31.6491865,216.9,0,5.23,96.18,-97.45397332,31.64918147,216.9,-2.75,5.28,95.79
418,-97.45397934,31.64919153,216.9,2.75,5.18,95.42,-97.45397633,31.6491865,216.9,0,5.14,96.19,-97.45397332,31.64918147,216.9,-2.75,5.29,95.8
419,-97.45397934,31.64919153,216.9,2.75,5.24,95.41,-97.45397633,31.6491865,216.9,0,5.21,96.2,-97.45397332,31.64918147,216.9,-2.75,5.22,95.81
420,-97.45397934,31.64919153,216.9,2.75,5.28,95.42,-97.45397633,31.6491865,216.9,0,5.18,96.15,-97.45397332,31.64918147,216.9,-2.75,5.3,95.82
421,-97.45397934,31.64919153,216.9,2.75,5.25,95.42,-97.45397633,31.6491865,216.9,0,5.18,96.16,-97.45397332,31.64918147,216.9,-2.75,5.28,95.82
422,-97.45397934,31.64919153,216.9,2.75,5.23,95.43,-97.45397633,31.6491865,216.9,0,5.15,96.16,-97.45397332,31.64918147,216.9,-2.75,5.22,95.8
423,-97.45397934,31.64919153,216.9,2.75,5.3,95.44,-97.45397633,31.6491865,216.9,0,5.22,96.14,-97.45397332,31.64918147,216.9,-2.75,5.25,95.81
424,-97.45397934,31.64919153,216.9,2.75,5.23,95.38,-97.45397633,31.6491865,216.9,0,5.23,96.16,-97.45397332,31.64918147,216.9,-2.75,5.25,95.75
425,-97.45397934,31.64919153,216.9,2.75,5.23,95.39,-97.45397633,31.6491865,216.9,0,5.2,96.18,-97.45397332,31.64918147,216.9,-2.75,5.29,95.76
426,-97.45397934,31.64919153,216.9,2.75,5.23,95.35,-97.45397633,31.6491865,216.9,0,5.22,96.18,-97.45397332,31.64918147,216.9,-2.75,5.26,95.77
427,-97.45397934,31.64919153,216.9,2.75,5.22,95.35,-97.45397633,31.6491865,216.9,0,5.16,96.16,-97.45397332,31.64918147,216.9,-2.75,5.28,95.79
428,-97.45397934,31.64919153,216.9,2.75,5.21,95.34,-97.45397633,31.6491865,216.9,0,5.13,96.16,-97.45397332,31.64918147,216.9,-2.75,5.36,95.8
429,-97.45397934,31.64919153,216.9,2.75,5.21,95.35,-97.45397633,31.6491865,216.9,0,5.18,96.13,-97.45397332,31.64918147,216.9,-2.75,5.28,95.82
430,-97.45397934,31.64919153,216.9,2.75,5.24,95.35,-97.45397633,31.6491865,216.9,0,5.2,96.14,-97.45397332,31.64918147,216.9,-2.75,5.29,95.83
431,-97.45397934,31.64919153,216.9,2.75,5.24,95.36,-97.45397633,31.6491865,216.9,0,5.2,96.16,-97.45397332,31.64918147,216.9,-2.75,5.28,95.85
432,-97.45397934,31.64919153,216.9,2.75,5.17,95.34,-97.45397633,31.6491865,216.9,0,5.24,96.14,-97.45397332,31.64918147,216.9,-2.75,5.28,95.85
433,-97.45397934,31.64919153,216.9,2.75,5.22,95.36,-97.45397633,31.6491865,216.9,0,5.15,96.16,-97.45397332,31.64918147,216.9,-2.75,5.3,95.87
434,-97.45397934,31.64919153,216.9,2.75,5.24,95.37,-97.45397633,31.6491865,216.9,0,5.11,96.14,-97.45397332,31.64918147,216.9,-2.75,5.33,95.86
435,-97.45397934,31.64919153,216.9,2.75,5.26,95.37,-97.45397633,31.6491865,216.9,0,5.22,96.15,-97.45397332,31.64918147,216.9,-2.75,5.33,95.83
436,-97.45397934,31.64919153,216.9,2.75,5.22,95.38,-97.45397633,31.6491865,216.9,0,5.24,96.16,-97.45397332,31.64918147,216.9,-2.75,5.3,95.84
437,-97.45397934,31.64919153,216.9,2.75,5.25,95.4,-97.45397633,31.6491865,216.9,0,5.23,96.15,-97.45397332,31.64918147,216.9,-2.75,5.3,95.84
438,-97.45397934,31.64919153,216.9,2.75,5.27,95.35,-97.45397633,31.6491865,216.9,0,5.23,96.15,-97.45397332,31.64918147,216.9,-2.75,5.32,95.86
439,-97.45397934,31.64919153,216.9,2.75,5.25,95.36,-97.45397633,31.6491865,216.9,0,5.24,96.16,-97.45397332,31.64918147,216.9,-2.75,5.24,95.84
440,-97.45397934,31.64919153,216.9,2.75,5.28,95.37,-97.45397633,31.6491865,216.9,0,5.15,96.13,-97.45397332,31.64918147,216.9,-2.75,5.31,95.83
441,-97.45397934,31.64919153,216.9,2.75,5.21,95.39,-97.45397633,31.6491865,216.9,0,5.25,96.15,-97.45397332,31.64918147,216.9,-2.75,5.27,95.82
442,-97.45397934,31.64919153,216.9,2.75,5.23,95.39,-97.45397633,31.6491865,216.9,0,5.19,96.15,-97.45397332,31.64918147,216.9,-2.75,5.27,95.83
443,-97.45397934,31.64919153,216.9,2.75,5.21,95.33,-97.45397633,31.6491865,216.9,0,5.25,96.16,-97.45397332,31.64918147,216.9,-2.75,5.26,95.75
444,-97.45397934,31.64919153,216.9,2.75,5.25,95.32,-97.45397633,31.6491865,216.9,0,5.15,96.11,-97.45397332,31.64918147,216.9,-2.75,5.29,95.76
445,-97.45397934,31.64919153,216.9,2.75,5.23,95.32,-97.45397633,31.6491865,216.9,0,5.23,96.1,-97.45397332,31.64918147,216.9,-2.75,5.23,95.77
446,-97.45397934,31.64919153,216.9,2.75,5.23,95.32,-97.45397633,31.6491865,216.9,0,5.27,96.11,-97.45397332,31.64918147,216.9,-2.75,5.25,95.79
447,-97.45397934,31.64919153,216.9,2.75,5.28,95.33,-97.45397633,31.6491865,216.9,0,5.16,96.11,-97.45397332,31.64918147,216.9,-2.75,5.27,95.81
448,-97.45397934,31.64919153,216.9,2.75,5.3,95.33,-97.45397633,31.6491865,216.9,0,5.25,96.12,-97.45397332,31.64918147,216.9,-2.75,5.3,95.82
449,-97.45397934,31.64919153,216.9,2.75,5.27,95.34,-97.45397633,31.6491865,216.9,0,5.13,96.11,-97.45397332,31.64918147,216.9,-2.75,5.31,95.82
450,-97.45397934,31.64919153,216.9,2.75,5.25,95.35,-97.45397633,31.6491865,216.9,0,5.23,96.13,-97.45397332,31.64918147,216.9,-2.75,5.26,95.83
451,-97.45397934,31.64919153,216.9,2.75,5.27,95.36,-97.45397633,31.6491865,216.9,0,5.2,96.02,-97.45397332,31.64918147,216.9,-2.75,5.32,95.85
452,-97.45397934,31.64919153,216.9,2.75,5.23,95.32,-97.45397633,31.6491865,216.9,0,5.22,96,-97.45397332,31.64918147,216.9,-2.75,5.25,95.82
453,-97.45397934,31.64919153,216.9,2.75,5.27,95.34,-97.45397633,31.6491865,216.9,0,5.24,96.02,-97.45397332,31.64918147,216.9,-2.75,5.3,95.83
454,-97.45397934,31.64919153,216.9,2.75,5.25,95.35,-97.45397633,31.6491865,216.9,0,5.24,96.02,-97.45397332,31.64918147,216.9,-2.75,5.2,95.84
455,-97.45397934,31.64919153,216.9,2.75,5.28,95.35,-97.45397633,31.6491865,216.9,0,5.25,96.04,-97.45397332,31.64918147,216.9,-2.75,5.31,95.83
456,-97.45397934,31.64919153,216.9,2.75,5.24,95.29,-97.45397633,31.6491865,216.9,0,5.21,96.06,-97.45397332,31.64918147,216.9,-2.75,5.29,95.85
457,-97.45397934,31.64919153,216.9,2.75,5.24,95.29,-97.45397633,31.6491865,216.9,0,5.2,96,-97.45397332,31.64918147,216.9,-2.75,5.23,95.84
458,-97.45397934,31.64919153,216.9,2.75,5.19,95.31,-97.45397633,31.6491865,216.9,0,5.22,96.02,-97.45397332,31.64918147,216.9,-2.75,5.29,95.81
459,-97.45397934,31.64919153,216.9,2.75,5.21,95.32,-97.45397633,31.6491865,216.9,0,5.18,96.03,-97.45397332,31.64918147,216.9,-2.75,5.31,95.81
460,-97.45397934,31.64919153,216.9,2.75,5.27,95.33,-97.45397633,31.6491865,216.9,0,5.24,96.04,-97.45397332,31.64918147,216.9,-2.75,5.26,95.79
461,-97.45397934,31.64919153,216.9,2.75,5.19,95.35,-97.45397633,31.6491865,216.9,0,5.21,96.03,-97.45397332,31.64918147,216.9,-2.75,5.32,95.81
462,-97.45397934,31.64919153,216.9,2.75,5.23,95.36,-97.45397633,31.6491865,216.9,0,5.27,96,-97.45397332,31.64918147,216.9,-2.75,5.3,95.83
463,-97.45397934,31.64919153,216.9,2.75,5.26,95.38,-97.45397633,31.6491865,216.9,0,5.19,96.02,-97.45397332,31.64918147,216.9,-2.75,5.34,95.85
464,-97.45397934,31.64919153,216.9,2.75,5.27,95.39,-97.45397633,31.6491865,216.9,0,5.2,95.97,-97.45397332,31.64918147,216.9,-2.75,5.29,95.82
465,-97.45397934,31.64919153,216.9,2.75,5.27,95.41,-97.45397633,31.6491865,216.9,0,5.24,95.99,-97.45397332,31.64918147,216.9,-2.75,5.24,95.82
466,-97.45397934,31.64919153,216.9,2.75,5.23,95.42,-97.45397633,31.6491865,216.9,0,5.22,96,-97.45397332,31.64918147,216.9,-2.75,5.24,95.83
467,-97.45397934,31.64919153,216.9,2.75,5.25,95.43,-97.45397633,31.6491865,216.9,0,5.26,96.01,-97.45397332,31.64918147,216.9,-2.75,5.27,95.85
468,-97.45397934,31.64919153,216.9,2.75,5.22,95.3,-97.45397633,31.6491865,216.9,0,5.21,96.03,-97.45397332,31.64918147,216.9,-2.75,5.24,95.87
469,-97.45397934,31.64919153,216.9,2.75,5.22,95.32,-97.45397633,31.6491865,216.9,0,5.22,96.05,-97.45397332,31.64918147,216.9,-2.75,5.3,95.89
470,-97.45397934,31.64919153,216.9,2.75,5.23,95.34,-97.45397633,31.6491865,216.9,0,5.17,96.07,-97.45397332,31.64918147,216.9,-2.75,5.34,95.87
471,-97.45397934,31.64919153,216.9,2.75,5.26,95.31,-97.45397633,31.6491865,216.9,0,5.17,96.09,-97.45397332,31.64918147,216.9,-2.75,5.29,95.81
472,-97.45397934,31.64919153,216.9,2.75,5.25,95.33,-97.45397633,31.6491865,216.9,0,5.25,96.1,-97.45397332,31.64918147,216.9,-2.75,5.28,95.71
473,-97.45397934,31.64919153,216.9,2.75,5.23,95.35,-97.45397633,31.6491865,216.9,0,5.14,96.07,-97.45397332,31.64918147,216.9,-2.75,5.34,95.61
474,-97.45397934,31.64919153,216.9,2.75,5.26,95.36,-97.45397633,31.6491865,216.9,0,5.24,96.09,-97.45397332,31.64918147,216.9,-2.75,5.25,95.62
475,-97.45397934,31.64919153,216.9,2.75,5.25,95.36,-97.45397633,31.6491865,216.9,0,5.16,96.08,-97.45397332,31.64918147,216.9,-2.75,5.31,95.63
476,-97.45397934,31.64919153,216.9,2.75,5.19,95.35,-97.45397633,31.6491865,216.9,0,5.18,96.06,-97.45397332,31.64918147,216.9,-2.75,5.29,95.65
477,-97.45397934,31.64919153,216.9,2.75,5.26,95.37,-97.45397633,31.6491865,216.9,0,5.26,96.08,-97.45397332,31.64918147,216.9,-2.75,5.3,95.67
478,-97.45397934,31.64919153,216.9,2.75,5.27,95.39,-97.45397633,31.6491865,216.9,0,5.16,96.08,-97.45397332,31.64918147,216.9,-2.75,5.24,95.68
479,-97.45397934,31.64919153,216.9,2.75,5.25,95.4,-97.45397633,31.6491865,216.9,0,5.2,96.1,-97.45397332,31.64918147,216.9,-2.75,5.27,95.7
480,-97.45397934,31.64919153,216.9,2.75,5.26,95.41,-97.45397633,31.6491865,216.9,0,5.2,96.11,-97.45397332,31.64918147,216.9,-2.75,5.29,95.73
481,-97.45397934,31.64919153,216.9,2.75,5.23,95.43,-97.45397633,31.6491865,216.9,0,5.24,96.04,-97.45397332,31.64918147,216.9,-2.75,5.27,95.7
482,-97.45397934,31.64919153,216.9,2.75,5.24,95.45,-97.45397633,31.6491865,216.9,0,5.27,96.06,-97.45397332,31.64918147,216.9,-2.75,5.31,95.65
483,-97.45397934,31.64919153,216.9,2.75,5.23,95.46,-97.45397633,31.6491865,216.9,0,5.17,96.06,-97.45397332,31.64918147,216.9,-2.75,5.26,95.67
484,-97.45397934,31.64919153,216.9,2.75,5.28,95.49,-97.45397633,31.6491865,216.9,0,5.22,96.08,-97.45397332,31.64918147,216.9,-2.75,5.27,95.69
485,-97.45397934,31.64919153,216.9,2.75,5.24,95.5,-97.45397633,31.6491865,216.9,0,5.23,96.1,-97.45397332,31.64918147,216.9,-2.75,5.28,95.71
486,-97.45397934,31.64919153,216.9,2.75,5.26,95.5,-97.45397633,31.6491865,216.9,0,5.22,96.12,-97.45397332,31.64918147,216.9,-2.75,5.33,95.73
487,-97.45397934,31.64919153,216.9,2.75,5.24,95.46,-97.45397633,31.6491865,216.9,0,5.2,96.15,-97.45397332,31.64918147,216.9,-2.75,5.35,95.74
488,-97.45397934,31.64919153,216.9,2.75,5.21,95.48,-97.45397633,31.6491865,216.9,0,5.18,96.14,-97.45397332,31.64918147,216.9,-2.75,5.28,95.72
489,-97.45397934,31.64919153,216.9,2.75,5.29,95.34,-97.45397633,31.6491865,216.9,0,5.2,96.12,-97.45397332,31.64918147,216.9,-2.75,5.26,95.72
490,-97.45397934,31.64919153,216.9,2.75,5.22,95.35,-97.45397633,31.6491865,216.9,0,5.23,96.14,-97.45397332,31.64918147,216.9,-2.75,5.22,95.71
491,-97.45397934,31.64919153,216.9,2.75,5.26,95.36,-97.45397633,31.6491865,216.9,0,5.18,96.1,-97.45397332,31.64918147,216.9,-2.75,5.3,95.68
492,-97.45397934,31.64919153,216.9,2.75,5.24,95.38,-97.45397633,31.6491865,216.9,0,5.27,95.89,-97.45397332,31.64918147,216.9,-2.75,5.3,95.7
493,-97.45397934,31.64919153,216.9,2.75,5.24,95.4,-97.45397633,31.6491865,216.9,0,5.19,95.84,-97.45397332,31.64918147,216.9,-2.75,5.32,95.72
494,-97.45397934,31.64919153,216.9,2.75,5.28,95.24,-97.45397633,31.6491865,216.9,0,5.23,95.86,-97.45397332,31.64918147,216.9,-2.75,5.27,95.74
495,-97.45397934,31.64919153,216.9,2.75,5.24,95.25,-97.45397633,31.6491865,216.9,0,5.15,95.88,-97.45397332,31.64918147,216.9,-2.75,5.3,95.71
496,-97.45397934,31.64919153,216.9,2.75,5.19,95.26,-97.45397633,31.6491865,216.9,0,5.17,95.9,-97.45397332,31.64918147,216.9,-2.75,5.32,95.73
497,-97.45397934,31.64919153,216.9,2.75,5.28,95.25,-97.45397633,31.6491865,216.9,0,5.2,95.89,-97.45397332,31.64918147,216.9,-2.75,5.26,95.74
498,-97.45397934,31.64919153,216.9,2.75,5.25,95.27,-97.45397633,31.6491865,216.9,0,5.21,95.91,-97.45397332,31.64918147,216.9,-2.75,5.26,95.76
499,-97.45397934,31.64919153,216.9,2.75,5.22,95.26,-97.45397633,31.6491865,216.9,0,5.25,95.91,-97.45397332,31.64918147,216.9,-2.75,5.29,95.75
500,-97.45397934,31.64919153,216.9,2.75,5.25,95.28,-97.45397633,31.6491865,216.9,0,5.28,95.94,-97.45397332,31.64918147,216.9,-2.75,5.26,95.78
